ZIPCode,Date,Densite
49002,1968,62.01
49002,1975,63.36
49002,1982,68.54
49002,1990,68.76
49002,1999,70.41
49002,2008,81.03
49002,2013,82.03
49002,2018,82.66
49003,1968,34.25
49003,1975,31.18
49003,1982,32.65
49003,1990,32.72
49003,1999,34.47
49003,2008,41.43
49003,2013,45.1
49003,2018,44.67
49007,1968,3010.0
49007,1975,3221.52
49007,1982,3185.16
49007,1990,3310.79
49007,1999,3542.0
49007,2008,3474.71
49007,2013,3514.98
49007,2018,3617.61
49008,1968,22.58
49008,1975,19.21
49008,1982,17.18
49008,1990,17.09
49008,1999,16.55
49008,2008,21.82
49008,2013,23.63
49008,2018,22.94
49009,1968,26.36
49009,1975,25.07
49009,1982,24.73
49009,1990,23.39
49009,1999,23.17
49009,2008,26.52
49009,2013,26.47
49009,2018,25.97
49010,1968,24.02
49010,1975,19.96
49010,1982,18.3
49010,1990,17.7
49010,1999,17.28
49010,2008,17.22
49010,2013,18.0
49010,2018,18.89
49011,1968,22.39
49011,1975,24.51
49011,1982,44.18
49011,1990,49.62
49011,1999,60.36
49011,2008,67.93
49011,2013,62.48
49011,2018,64.75
49012,1968,60.9
49012,1975,50.94
49012,1982,48.31
49012,1990,49.44
49012,1999,62.78
49012,2008,67.67
49012,2013,69.36
49012,2018,69.17
49015,1968,290.59
49015,1975,592.55
49015,1982,682.51
49015,1990,813.01
49015,1999,820.14
49015,2008,799.43
49015,2013,818.94
49015,2018,887.94
49017,1968,28.53
49017,1975,22.59
49017,1982,23.18
49017,1990,22.36
49017,1999,23.55
49017,2008,32.32
49017,2013,39.08
49017,2018,43.68
49018,1968,40.51
49018,1975,38.46
49018,1982,38.94
49018,1990,38.52
49018,1999,39.22
49018,2008,42.46
49018,2013,44.28
49018,2018,44.01
49020,1968,41.42
49020,1975,72.13
49020,1982,117.17
49020,1990,199.95
49020,1999,250.83
49020,2008,254.55
49020,2013,255.17
49020,2018,273.94
49021,1968,90.82
49021,1975,100.95
49021,1982,118.08
49021,1990,134.23
49021,1999,135.04
49021,2008,154.31
49021,2013,166.72
49021,2018,171.53
49022,1968,74.18
49022,1975,73.87
49022,1982,77.86
49022,1990,76.76
49022,1999,83.65
49022,2008,111.97
49022,2013,110.8
49022,2018,107.2
49023,1968,73.63
49023,1975,78.06
49023,1982,84.63
49023,1990,87.07
49023,1999,87.92
49023,2008,94.0
49023,2013,97.57
49023,2018,101.57
49026,1968,33.85
49026,1975,31.02
49026,1982,39.42
49026,1990,48.78
49026,1999,50.4
49026,2008,57.09
49026,2013,59.61
49026,2018,60.56
49027,1968,78.39
49027,1975,85.77
49027,1982,98.15
49027,1990,103.97
49027,1999,104.72
49027,2008,119.56
49027,2013,135.23
49027,2018,142.89
49028,1968,38.46
49028,1975,45.25
49028,1982,42.08
49028,1990,42.53
49028,1999,49.77
49028,2008,57.47
49028,2013,53.85
49028,2018,56.56
49029,1968,34.5
49029,1975,32.98
49029,1982,39.51
49029,1990,42.42
49029,1999,46.45
49029,2008,51.09
49029,2013,50.68
49029,2018,52.2
49030,1968,40.4
49030,1975,38.35
49030,1982,37.23
49030,1990,35.04
49030,1999,38.4
49030,2008,46.51
49030,2013,47.2
49030,2018,46.37
49035,1968,84.86
49035,1975,162.7
49035,1982,253.1
49035,1990,292.73
49035,1999,310.6
49035,2008,295.46
49035,2013,332.61
49035,2018,343.06
49036,1968,56.43
49036,1975,47.25
49036,1982,46.42
49036,1990,45.54
49036,1999,40.41
49036,2008,46.17
49036,2013,46.36
49036,2018,47.63
49038,1968,60.3
49038,1975,48.2
49038,1982,39.13
49038,1990,37.43
49038,1999,40.45
49038,2008,40.64
49038,2013,43.67
49038,2018,46.31
49041,1968,41.0
49041,1975,44.57
49041,1982,51.26
49041,1990,54.05
49041,1999,53.81
49041,2008,59.09
49041,2013,59.63
49041,2018,60.65
49045,1968,12.11
49045,1975,10.19
49045,1982,9.79
49045,1990,12.51
49045,1999,16.1
49045,2008,21.25
49045,2013,21.33
49045,2018,21.76
49048,1968,54.34
49048,1975,81.51
49048,1982,117.86
49048,1990,140.41
49048,1999,159.8
49048,2008,182.0
49048,2013,195.31
49048,2018,212.61
49050,1968,46.48
49050,1975,46.14
49050,1982,54.84
49050,1990,65.51
49050,1999,70.17
49050,2008,83.43
49050,2013,88.63
49050,2018,89.83
49053,1968,60.33
49053,1975,70.35
49053,1982,58.46
49053,1990,62.63
49053,1999,50.73
49053,2008,64.3
49053,2013,75.57
49053,2018,74.53
49054,1968,497.76
49054,1975,542.57
49054,1982,540.33
49054,1990,517.72
49054,1999,528.51
49054,2008,572.91
49054,2013,593.89
49054,2018,576.37
49055,1968,50.5
49055,1975,73.11
49055,1982,85.34
49055,1990,101.37
49055,1999,115.84
49055,2008,129.5
49055,2013,126.96
49055,2018,143.91
49056,1968,25.16
49056,1975,23.72
49056,1982,22.94
49056,1990,28.05
49056,1999,27.26
49056,2008,32.37
49056,2013,31.85
49056,2018,34.6
49057,1968,30.06
49057,1975,27.93
49057,1982,29.11
49057,1990,31.95
49057,1999,33.02
49057,2008,34.56
49057,2013,39.88
49057,2018,40.83
49058,1968,41.05
49058,1975,38.96
49058,1982,39.54
49058,1990,45.6
49058,1999,46.25
49058,2008,57.43
49058,2013,64.14
49058,2018,63.56
49060,1968,69.66
49060,1975,77.35
49060,1982,98.26
49060,1990,109.12
49060,1999,104.79
49060,2008,101.42
49060,2013,102.22
49060,2018,99.66
49061,1968,23.84
49061,1975,20.3
49061,1982,19.74
49061,1990,18.24
49061,1999,16.17
49061,2008,16.94
49061,2013,17.03
49061,2018,16.71
49063,1968,110.45
49063,1975,121.42
49063,1982,136.96
49063,1990,138.85
49063,1999,145.07
49063,2008,162.84
49063,2013,169.29
49063,2018,169.27
49064,1968,28.62
49064,1975,22.01
49064,1982,24.88
49064,1990,20.84
49064,1999,23.25
49064,2008,24.73
49064,2013,27.76
49064,2018,31.1
49067,1968,24.61
49067,1975,22.17
49067,1982,19.9
49067,1990,19.85
49067,1999,19.96
49067,2008,22.11
49067,2013,21.93
49067,2018,20.56
49068,1968,37.65
49068,1975,35.91
49068,1982,33.54
49068,1990,36.32
49068,1999,41.7
49068,2008,47.17
49068,2013,50.76
49068,2018,50.87
49069,1968,61.9
49069,1975,65.98
49069,1982,71.34
49069,1990,75.88
49069,1999,78.65
49069,2008,95.22
49069,2013,102.5
49069,2018,104.61
49070,1968,19.73
49070,1975,19.04
49070,1982,22.02
49070,1990,24.17
49070,1999,23.01
49070,2008,24.79
49070,2013,25.92
49070,2018,25.12
49076,1968,34.81
49076,1975,26.81
49076,1982,33.21
49076,1990,38.01
49076,1999,39.51
49076,2008,56.44
49076,2013,67.92
49076,2018,71.97
49080,1968,40.53
49080,1975,41.94
49080,1982,46.56
49080,1990,44.33
49080,1999,44.91
49080,2008,56.66
49080,2013,59.63
49080,2018,61.12
49082,1968,53.55
49082,1975,51.73
49082,1982,55.31
49082,1990,55.99
49082,1999,53.55
49082,2008,64.93
49082,2013,65.13
49082,2018,63.98
49086,1968,47.34
49086,1975,48.08
49086,1982,48.66
49086,1990,48.48
49086,1999,50.83
49086,2008,58.76
49086,2013,65.98
49086,2018,69.75
49089,1968,31.38
49089,1975,32.06
49089,1982,29.36
49089,1990,27.71
49089,1999,27.29
49089,2008,32.19
49089,2013,34.17
49089,2018,34.13
49090,1968,39.19
49090,1975,36.43
49090,1982,46.74
49090,1990,49.39
49090,1999,47.38
49090,2008,51.3
49090,2013,56.48
49090,2018,56.08
49092,1968,48.75
49092,1975,49.23
49092,1982,52.77
49092,1990,55.4
49092,1999,55.67
49092,2008,63.33
49092,2013,65.76
49092,2018,64.77
49099,1968,487.25
49099,1975,605.65
49099,1982,634.78
49099,1990,630.3
49099,1999,619.69
49099,2008,618.7
49099,2013,616.1
49099,2018,619.48
49100,1968,23.07
49100,1975,21.05
49100,1982,20.74
49100,1990,20.74
49100,1999,21.36
49100,2008,23.48
49100,2013,25.97
49100,2018,24.31
49102,1968,22.72
49102,1975,20.29
49102,1982,20.15
49102,1990,18.77
49102,1999,16.15
49102,2008,15.09
49102,2013,16.01
49102,2018,15.64
49107,1968,39.11
49107,1975,38.25
49107,1982,47.3
49107,1990,45.18
49107,1999,42.2
49107,2008,40.94
49107,2013,44.7
49107,2018,45.09
49109,1968,38.52
49109,1975,40.43
49109,1982,43.82
49109,1990,43.7
49109,1999,41.41
49109,2008,47.57
49109,2013,49.92
49109,2018,50.43
49110,1968,36.77
49110,1975,39.76
49110,1982,40.17
49110,1990,43.35
49110,1999,48.27
49110,2008,51.54
49110,2013,54.56
49110,2018,59.26
49112,1968,50.22
49112,1975,52.16
49112,1982,61.87
49112,1990,71.34
49112,1999,64.55
49112,2008,65.82
49112,2013,67.54
49112,2018,69.78
49113,1968,51.65
49113,1975,48.64
49113,1982,52.65
49113,1990,60.94
49113,1999,61.52
49113,2008,63.95
49113,2013,67.81
49113,2018,73.68
49114,1968,19.83
49114,1975,16.27
49114,1982,13.94
49114,1990,11.98
49114,1999,9.15
49114,2008,11.33
49114,2013,11.47
49114,2018,10.6
49120,1968,54.17
49120,1975,59.68
49120,1982,69.17
49120,1990,79.17
49120,1999,89.17
49120,2008,90.13
49120,2013,89.62
49120,2018,88.97
49121,1968,18.3
49121,1975,13.67
49121,1982,14.22
49121,1990,15.61
49121,1999,17.0
49121,2008,18.59
49121,2013,19.52
49121,2018,19.9
49123,1968,56.45
49123,1975,66.78
49123,1982,65.49
49123,1990,74.59
49123,1999,82.68
49123,2008,105.98
49123,2013,114.4
49123,2018,117.05
49125,1968,62.26
49125,1975,62.58
49125,1982,63.45
49125,1990,67.85
49125,1999,69.59
49125,2008,71.74
49125,2013,74.37
49125,2018,74.72
49127,1968,52.18
49127,1975,53.66
49127,1982,53.48
49127,1990,52.74
49127,1999,53.22
49127,2008,54.89
49127,2013,55.83
49127,2018,55.66
49129,1968,52.17
49129,1975,188.54
49129,1982,189.95
49129,1990,197.47
49129,1999,217.57
49129,2008,220.62
49129,2013,223.15
49129,2018,249.65
49130,1968,22.39
49130,1975,21.12
49130,1982,26.06
49130,1990,30.28
49130,1999,36.41
49130,2008,46.29
49130,2013,49.24
49130,2018,52.03
49131,1968,18.12
49131,1975,15.93
49131,1982,18.04
49131,1990,21.75
49131,1999,20.19
49131,2008,23.93
49131,2013,27.05
49131,2018,27.68
49132,1968,46.99
49132,1975,47.04
49132,1982,50.1
49132,1990,52.24
49132,1999,59.29
49132,2008,73.78
49132,2013,77.7
49132,2018,79.18
49135,1968,43.1
49135,1975,47.34
49135,1982,59.13
49135,1990,65.67
49135,1999,70.49
49135,2008,82.64
49135,2013,85.58
49135,2018,85.07
49138,1968,34.49
49138,1975,30.99
49138,1982,29.19
49138,1990,30.95
49138,1999,34.67
49138,2008,39.92
49138,2013,42.69
49138,2018,43.66
49140,1968,80.84
49140,1975,74.56
49140,1982,75.44
49140,1990,74.76
49140,1999,80.23
49140,2008,101.42
49140,2013,104.32
49140,2018,103.91
49155,1968,31.71
49155,1975,28.44
49155,1982,31.97
49155,1990,38.66
49155,1999,48.59
49155,2008,54.76
49155,2013,54.42
49155,2018,53.27
49160,1968,171.1
49160,1975,179.37
49160,1982,173.42
49160,1990,165.69
49160,1999,163.68
49160,2008,198.07
49160,2013,203.86
49160,2018,204.33
49161,1968,24.38
49161,1975,21.27
49161,1982,19.84
49161,1990,19.04
49161,1999,19.76
49161,2008,23.11
49161,2013,24.7
49161,2018,25.98
49163,1968,32.69
49163,1975,32.83
49163,1982,33.79
49163,1990,36.07
49163,1999,35.49
49163,2008,41.52
49163,2013,44.99
49163,2018,45.39
49167,1968,70.61
49167,1975,93.94
49167,1982,116.16
49167,1990,131.25
49167,1999,147.45
49167,2008,166.81
49167,2013,173.15
49167,2018,179.05
49170,1968,28.44
49170,1975,31.93
49170,1982,34.51
49170,1990,41.11
49170,1999,40.42
49170,2008,43.69
49170,2013,41.58
49170,2018,42.85
49171,1968,29.01
49171,1975,22.24
49171,1982,18.76
49171,1990,20.12
49171,1999,16.63
49171,2008,19.34
49171,2013,21.47
49171,2018,23.79
49174,1968,47.14
49174,1975,43.56
49174,1982,45.85
49174,1990,43.79
49174,1999,47.64
49174,2008,55.93
49174,2013,60.15
49174,2018,60.38
49176,1968,51.91
49176,1975,53.81
49176,1982,62.48
49176,1990,70.42
49176,1999,75.6
49176,2008,83.6
49176,2013,93.53
49176,2018,104.19
49178,1968,28.76
49178,1975,26.18
49178,1982,25.26
49178,1990,22.15
49178,1999,22.35
49178,2008,24.19
49178,2013,26.56
49178,2018,25.79
49180,1968,61.7
49180,1975,65.67
49180,1982,70.41
49180,1990,70.49
49180,1999,72.02
49180,2008,70.97
49180,2013,71.47
49180,2018,70.78
49182,1968,23.32
49182,1975,22.58
49182,1982,22.97
49182,1990,22.42
49182,1999,23.74
49182,2008,32.22
49182,2013,30.95
49182,2018,33.77
49183,1968,24.95
49183,1975,23.54
49183,1982,24.3
49183,1990,24.62
49183,1999,25.73
49183,2008,32.75
49183,2013,36.03
49183,2018,37.6
49188,1968,25.94
49188,1975,24.94
49188,1982,28.12
49188,1990,29.35
49188,1999,30.2
49188,2008,40.45
49188,2013,40.02
49188,2018,39.83
49192,1968,49.97
49192,1975,55.0
49192,1982,69.72
49192,1990,78.1
49192,1999,84.68
49192,2008,90.1
49192,2013,95.12
49192,2018,95.45
49193,1968,106.99
49193,1975,112.3
49193,1982,120.37
49193,1990,123.78
49193,1999,123.06
49193,2008,122.64
49193,2013,125.02
49193,2018,120.56
49194,1968,67.34
49194,1975,67.91
49194,1982,83.49
49194,1990,96.53
49194,1999,101.2
49194,2008,122.61
49194,2013,133.48
49194,2018,139.15
49195,1968,45.51
49195,1975,60.22
49195,1982,78.43
49195,1990,93.93
49195,1999,107.19
49195,2008,108.43
49195,2013,118.54
49195,2018,134.83
49200,1968,36.9
49200,1975,41.33
49200,1982,62.64
49200,1990,78.06
49200,1999,93.23
49200,2008,107.64
49200,2013,116.09
49200,2018,117.98
49201,1968,67.88
49201,1975,86.53
49201,1982,98.33
49201,1990,102.48
49201,1999,109.33
49201,2008,120.26
49201,2013,121.01
49201,2018,118.36
49205,1968,41.79
49205,1975,54.2
49205,1982,58.38
49205,1990,54.03
49205,1999,54.65
49205,2008,55.22
49205,2013,59.56
49205,2018,54.94
49209,1968,43.73
49209,1975,39.18
49209,1982,38.73
49209,1990,40.51
49209,1999,38.85
49209,2008,40.29
49209,2013,41.95
49209,2018,47.95
49211,1968,31.53
49211,1975,31.18
49211,1982,34.41
49211,1990,41.2
49211,1999,42.53
49211,2008,43.89
49211,2013,45.83
49211,2018,46.24
49214,1968,206.66
49214,1975,277.48
49214,1982,407.17
49214,1990,467.13
49214,1999,482.69
49214,2008,493.34
49214,2013,522.3
49214,2018,544.61
49215,1968,63.03
49215,1975,81.47
49215,1982,83.6
49215,1990,82.54
49215,1999,83.99
49215,2008,82.29
49215,2013,82.31
49215,2018,76.39
49216,1968,19.43
49216,1975,15.26
49216,1982,21.85
49216,1990,24.52
49216,1999,24.94
49216,2008,39.95
49216,2013,41.87
49216,2018,48.21
49217,1968,34.23
49217,1975,30.37
49217,1982,34.14
49217,1990,42.14
49217,1999,50.13
49217,2008,63.61
49217,2013,61.81
49217,2018,69.54
49218,1968,71.92
49218,1975,72.61
49218,1982,73.82
49218,1990,73.62
49218,1999,70.64
49218,2008,76.55
49218,2013,80.78
49218,2018,79.39
49219,1968,105.39
49219,1975,96.92
49219,1982,86.51
49219,1990,108.09
49219,1999,104.82
49219,2008,94.61
49219,2013,87.48
49219,2018,84.39
49220,1968,34.59
49220,1975,31.65
49220,1982,33.4
49220,1990,33.42
49220,1999,35.9
49220,2008,39.76
49220,2013,40.81
49220,2018,41.84
49221,1968,30.6
49221,1975,29.22
49221,1982,26.45
49221,1990,23.31
49221,1999,20.94
49221,2008,22.14
49221,2013,21.65
49221,2018,20.47
49222,1968,38.31
49222,1975,43.36
49222,1982,56.17
49222,1990,70.58
49222,1999,78.34
49222,2008,77.63
49222,2013,80.1
49222,2018,78.3
49223,1968,126.43
49223,1975,151.59
49223,1982,189.42
49223,1990,244.3
49223,1999,295.84
49223,2008,309.43
49223,2013,310.47
49223,2018,326.32
49224,1968,46.68
49224,1975,42.04
49224,1982,53.17
49224,1990,63.42
49224,1999,64.09
49224,2008,65.49
49224,2013,72.86
49224,2018,73.3
49228,1968,24.23
49228,1975,21.66
49228,1982,20.47
49228,1990,18.93
49228,1999,19.55
49228,2008,19.93
49228,2013,19.89
49228,2018,18.66
49231,1968,29.86
49231,1975,43.08
49231,1982,84.58
49231,1990,95.31
49231,1999,102.49
49231,2008,100.3
49231,2013,114.59
49231,2018,110.58
49235,1968,52.29
49235,1975,55.81
49235,1982,47.71
49235,1990,66.97
49235,1999,70.34
49235,2008,72.17
49235,2013,73.7
49235,2018,65.9
49236,1968,47.25
49236,1975,37.68
49236,1982,31.57
49236,1990,25.25
49236,1999,27.49
49236,2008,26.48
49236,2013,25.66
49236,2018,25.25
49237,1968,42.64
49237,1975,31.13
49237,1982,29.43
49237,1990,26.98
49237,1999,25.47
49237,2008,29.43
49237,2013,29.81
49237,2018,25.47
49240,1968,32.9
49240,1975,31.9
49240,1982,35.51
49240,1990,36.87
49240,1999,36.6
49240,2008,42.96
49240,2013,46.44
49240,2018,45.26
49241,1968,85.34
49241,1975,126.59
49241,1982,169.04
49241,1990,187.96
49241,1999,220.24
49241,2008,248.14
49241,2013,255.47
49241,2018,268.05
49244,1968,72.94
49244,1975,75.2
49244,1982,79.95
49244,1990,81.0
49244,1999,82.76
49244,2008,90.74
49244,2013,95.12
49244,2018,93.91
49246,1968,367.01
49246,1975,490.49
49246,1982,549.31
49246,1990,564.3
49246,1999,582.46
49246,2008,584.86
49246,2013,619.54
49246,2018,655.29
49247,1968,82.57
49247,1975,82.73
49247,1982,100.44
49247,1990,106.86
49247,1999,115.9
49247,2008,127.02
49247,2013,131.59
49247,2018,133.17
49248,1968,49.72
49248,1975,46.84
49248,1982,46.38
49248,1990,45.06
49248,1999,43.44
49248,2008,43.45
49248,2013,44.04
49248,2018,44.33
49253,1968,102.18
49253,1975,93.52
49253,1982,91.77
49253,1990,82.42
49253,1999,77.06
49253,2008,82.04
49253,2013,75.94
49253,2018,74.06
49257,1968,92.87
49257,1975,90.84
49257,1982,95.36
49257,1990,101.55
49257,1999,102.97
49257,2008,114.74
49257,2013,116.17
49257,2018,121.17
49259,1968,58.2
49259,1975,58.27
49259,1982,65.25
49259,1990,67.52
49259,1999,71.62
49259,2008,77.95
49259,2013,82.37
49259,2018,84.14
49260,1968,65.79
49260,1975,74.2
49260,1982,90.02
49260,1990,100.63
49260,1999,99.62
49260,2008,106.84
49260,2013,111.86
49260,2018,120.09
49261,1968,46.85
49261,1975,46.79
49261,1982,49.49
49261,1990,52.77
49261,1999,53.34
49261,2008,55.75
49261,2013,58.8
49261,2018,59.76
49262,1968,33.41
49262,1975,32.15
49262,1982,43.76
49262,1990,50.79
49262,1999,47.31
49262,2008,53.79
49262,2013,53.79
49262,2018,51.97
49266,1968,20.42
49266,1975,19.13
49266,1982,26.32
49266,1990,28.45
49266,1999,30.28
49266,2008,36.84
49266,2013,42.96
49266,2018,44.79
49267,1968,290.88
49267,1975,409.12
49267,1982,626.13
49267,1990,642.59
49267,1999,674.35
49267,2008,611.25
49267,2013,622.57
49267,2018,631.21
49269,1968,47.31
49269,1975,59.86
49269,1982,86.67
49269,1990,104.92
49269,1999,114.99
49269,2008,122.44
49269,2013,118.8
49269,2018,127.17
49271,1968,27.2
49271,1975,27.11
49271,1982,36.11
49271,1990,39.72
49271,1999,41.89
49271,2008,54.95
49271,2013,63.74
49271,2018,63.26
49272,1968,93.54
49272,1975,91.49
49272,1982,88.94
49272,1990,91.68
49272,1999,98.34
49272,2008,112.92
49272,2013,113.21
49272,2018,107.44
49278,1968,322.93
49278,1975,301.15
49278,1982,292.99
49278,1990,256.44
49278,1999,248.21
49278,2008,265.61
49278,2013,237.42
49278,2018,229.0
49283,1968,59.98
49283,1975,69.84
49283,1982,90.38
49283,1990,92.96
49283,1999,90.26
49283,2008,98.02
49283,2013,105.79
49283,2018,109.38
49284,1968,38.51
49284,1975,40.08
49284,1982,49.65
49284,1990,57.64
49284,1999,57.39
49284,2008,68.17
49284,2013,70.85
49284,2018,70.7
49288,1968,98.91
49288,1975,97.27
49288,1982,94.54
49288,1990,97.81
49288,1999,130.6
49288,2008,128.96
49288,2013,128.96
49288,2018,125.14
49291,1968,41.16
49291,1975,45.03
49291,1982,46.41
49291,1990,49.86
49291,1999,47.93
49291,2008,52.9
49291,2013,54.83
49291,2018,52.9
49292,1968,71.55
49292,1975,70.17
49292,1982,69.56
49292,1990,74.42
49292,1999,78.4
49292,2008,97.94
49292,2013,110.19
49292,2018,114.98
49294,1968,30.49
49294,1975,53.87
49294,1982,122.23
49294,1990,150.54
49294,1999,159.96
49294,2008,174.29
49294,2013,181.97
49294,2018,208.54
49298,1968,26.87
49298,1975,39.95
49298,1982,55.9
49298,1990,82.48
49298,1999,112.42
49298,2008,131.48
49298,2013,140.16
49298,2018,151.04
49299,1968,73.02
49299,1975,128.75
49299,1982,193.44
49299,1990,257.29
49299,1999,271.25
49299,2008,255.83
49299,2013,271.77
49299,2018,309.79
49301,1968,81.42
49301,1975,85.53
49301,1982,90.92
49301,1990,94.04
49301,1999,96.7
49301,2008,110.13
49301,2013,117.19
49301,2018,118.88
49302,1968,36.06
49302,1975,30.86
49302,1982,28.1
49302,1990,27.57
49302,1999,29.71
49302,2008,32.77
49302,2013,35.07
49302,2018,34.69
49306,1968,34.14
49306,1975,40.22
49306,1982,71.59
49306,1990,88.73
49306,1999,92.31
49306,2008,107.09
49306,2013,112.82
49306,2018,112.96
49307,1968,64.63
49307,1975,69.07
49307,1982,91.88
49307,1990,109.55
49307,1999,119.35
49307,2008,133.15
49307,2013,136.12
49307,2018,139.12
49308,1968,84.93
49308,1975,122.9
49308,1982,193.54
49308,1990,309.0
49308,1999,380.04
49308,2008,417.03
49308,2013,400.0
49308,2018,408.22
49310,1968,26.98
49310,1975,23.59
49310,1982,23.14
49310,1990,21.93
49310,1999,21.14
49310,2008,21.75
49310,2013,22.95
49310,2018,22.31
49311,1968,48.72
49311,1975,48.66
49311,1982,64.71
49311,1990,73.5
49311,1999,68.19
49311,2008,79.43
49311,2013,78.75
49311,2018,80.59
49321,1968,24.06
49321,1975,20.99
49321,1982,20.13
49321,1990,20.91
49321,1999,24.53
49321,2008,29.48
49321,2013,28.62
49321,2018,30.19
49323,1968,85.14
49323,1975,120.46
49323,1982,142.85
49323,1990,208.78
49323,1999,270.12
49323,2008,276.4
49323,2013,280.83
49323,2018,296.62
49326,1968,78.11
49326,1975,71.72
49326,1982,161.95
49326,1990,213.8
49326,1999,250.17
49326,2008,275.08
49326,2013,275.76
49326,2018,275.42
49328,1968,477.42
49328,1975,490.79
49328,1982,485.27
49328,1990,454.81
49328,1999,450.67
49328,2008,424.83
49328,2013,413.78
49328,2018,401.49
49329,1968,49.07
49329,1975,49.74
49329,1982,52.4
49329,1990,55.4
49329,1999,55.07
49329,2008,66.59
49329,2013,65.49
49329,2018,63.59
49330,1968,29.28
49330,1975,26.48
49330,1982,35.33
49330,1990,41.33
49330,1999,41.97
49330,2008,49.48
49330,2013,65.89
49330,2018,69.03
49331,1968,66.94
49331,1975,67.94
49331,1982,68.05
49331,1990,64.97
49331,1999,64.44
49331,2008,69.64
49331,2013,72.48
49331,2018,72.34
49332,1968,53.68
49332,1975,71.43
49332,1982,99.78
49332,1990,111.78
49332,1999,112.55
49332,2008,118.07
49332,2013,127.35
49332,2018,133.96
49333,1968,76.27
49333,1975,75.2
49333,1982,76.55
49333,1990,77.97
49333,1999,83.66
49333,2008,104.47
49333,2013,103.16
49333,2018,102.15
49334,1968,34.77
49334,1975,30.18
49334,1982,37.27
49334,1990,33.94
49334,1999,31.57
49334,2008,47.29
49334,2013,41.72
49334,2018,45.48
49336,1968,30.0
49336,1975,28.97
49336,1982,27.18
49336,1990,25.92
49336,1999,24.82
49336,2008,28.43
49336,2013,28.72
49336,2018,27.68
49338,1968,31.6
49338,1975,39.78
49338,1982,54.56
49338,1990,81.13
49338,1999,93.47
49338,2008,92.92
49338,2013,96.86
49338,2018,112.26
49339,1968,41.26
49339,1975,43.81
49339,1982,57.85
49339,1990,58.79
49339,1999,65.76
49339,2008,76.0
49339,2013,80.81
49339,2018,82.63
49341,1968,53.25
49341,1975,59.53
49341,1982,64.01
49341,1990,71.75
49341,1999,76.01
49341,2008,80.49
49341,2013,89.35
49341,2018,84.64
49343,1968,77.7
49343,1975,96.75
49343,1982,126.21
49343,1990,131.12
49343,1999,138.66
49343,2008,142.43
49343,2013,145.03
49343,2018,150.78
49344,1968,22.43
49344,1975,23.47
49344,1982,35.02
49344,1990,41.34
49344,1999,45.71
49344,2008,63.34
49344,2013,72.28
49344,2018,74.83
49345,1968,48.48
49345,1975,44.88
49345,1982,45.07
49345,1990,45.52
49345,1999,49.25
49345,2008,56.81
49345,2013,60.53
49345,2018,60.82
49347,1968,58.4
49347,1975,60.09
49347,1982,77.95
49347,1990,90.42
49347,1999,106.97
49347,2008,123.53
49347,2013,127.21
49347,2018,130.77
49352,1968,43.07
49352,1975,49.88
49352,1982,66.19
49352,1990,77.04
49352,1999,75.85
49352,2008,87.89
49352,2013,95.65
49352,2018,105.15
49353,1968,956.07
49353,1975,922.13
49353,1982,902.38
49353,1990,863.85
49353,1999,903.69
49353,2008,989.02
49353,2013,1075.82
49353,2018,1209.75
49355,1968,59.81
49355,1975,68.73
49355,1982,82.35
49355,1990,89.08
49355,1999,82.71
49355,2008,83.62
49355,2013,82.88
49355,2018,89.49
49358,1968,60.43
49358,1975,52.54
49358,1982,52.42
49358,1990,51.27
49358,1999,57.0
49358,2008,68.19
49358,2013,74.3
49358,2018,72.26
49359,1968,55.06
49359,1975,58.27
49359,1982,57.65
49359,1990,57.78
49359,1999,59.01
49359,2008,67.65
49359,2013,72.35
49359,2018,71.36
49361,1968,76.17
49361,1975,73.04
49361,1982,81.2
49361,1990,81.51
49361,1999,79.44
49361,2008,82.83
49361,2013,83.45
49361,2018,80.98
49362,1968,325.29
49362,1975,361.18
49362,1982,353.82
49362,1990,346.76
49362,1999,337.06
49362,2008,353.53
49362,2013,365.88
49362,2018,359.71
49364,1968,42.5
49364,1975,35.24
49364,1982,39.44
49364,1990,40.7
49364,1999,41.52
49364,2008,48.27
49364,2013,46.9
49364,2018,44.86
49367,1968,39.84
49367,1975,37.67
49367,1982,40.55
49367,1990,42.51
49367,1999,44.6
49367,2008,56.22
49367,2013,62.8
49367,2018,63.85
49368,1968,44.35
49368,1975,42.07
49368,1982,41.6
49368,1990,42.9
49368,1999,45.43
49368,2008,47.12
49368,2013,48.44
49368,2018,48.86
49369,1968,41.63
49369,1975,40.24
49369,1982,41.33
49369,1990,39.15
49369,1999,36.68
49369,2008,37.25
49369,2013,37.95
49369,2018,38.19
49370,1968,12.8
49370,1975,14.31
49370,1982,19.35
49370,1990,22.38
49370,1999,23.53
49370,2008,25.65
49370,2013,27.53
49370,2018,28.99
49371,1968,57.94
49371,1975,59.54
49371,1982,70.2
49371,1990,77.36
49371,1999,87.79
49371,2008,91.56
49371,2013,91.18
49371,2018,95.5
49373,1968,42.95
49373,1975,41.55
49373,1982,43.14
49373,1990,42.12
49373,1999,40.39
49373,2008,42.87
49373,2013,44.07
49373,2018,43.78
49374,1968,114.73
49374,1975,117.26
49374,1982,125.63
49374,1990,131.79
49374,1999,136.13
49374,2008,144.1
49374,2013,149.85
49374,2018,147.73
49377,1968,42.11
49377,1975,55.2
49377,1982,75.27
49377,1990,88.38
49377,1999,94.54
49377,2008,112.15
49377,2013,115.39
49377,2018,118.95
49378,1968,61.89
49378,1975,72.16
49378,1982,77.95
49378,1990,81.36
49378,1999,80.84
49378,2008,98.36
49378,2013,108.16
49378,2018,110.44
49381,1968,31.55
49381,1975,34.95
49381,1982,38.0
49381,1990,40.19
49381,1999,38.76
49381,2008,42.06
49381,2013,44.98
49381,2018,44.93
