,Date mutation,Nature mutation,Valeur fonciere,Nombre de lots,Type local,Surface reelle bati,Nombre pieces principales,Surface terrain,latitude,longitude,result_score,moy_vf_10_plus_proches,moy_dist_10_plus_proches,densite_pop
0,05/01/2022,Vente,300000.0,0,Maison,137.0,6.0,1646.0,47.616934,-0.474118,0.73,1650000.0,43.04755139034863,74.72
1,05/01/2022,Vente,300000.0,0,Maison,137.0,6.0,500.0,47.616934,-0.474118,0.73,1650000.0,43.04755139034863,74.72
2,07/01/2022,Vente,316500.0,0,Maison,54.0,3.0,119.0,47.475606,-0.535905,0.63,1740750.0,13.35544851410251,24.31
3,10/01/2022,Vente,398000.0,0,Maison,138.0,7.0,505.0,47.617099,-0.464666,0.79,2189000.0,40.35342144994044,74.72
4,10/01/2022,Vente,650000.0,0,Maison,151.0,5.0,377.0,47.466873,-0.537922,0.82,3575000.0,19.482151075861214,24.31
5,12/01/2022,Vente,222000.0,0,Maison,90.0,4.0,910.0,47.639545,-0.523513,0.8,1221000.0,164.84744672806121,74.72
6,12/01/2022,Vente,658000.0,0,Maison,130.0,4.0,265.0,47.42308,-0.526086,0.71,3619000.0,69.89831222855891,52.03
7,14/01/2022,Vente,260000.0,0,Maison,89.0,4.0,463.0,47.613144,-0.465389,0.78,1430000.0,37.815591714539366,74.72
8,13/01/2022,Vente,243000.0,0,Maison,92.0,4.0,866.0,47.60568,-0.458534,0.7,1336500.0,65.65816427463716,74.72
9,14/01/2022,Vente,100000.0,0,Local industriel. commercial ou assimilé,175.0,0.0,1550.0,47.572194,-0.432437,0.8,550000.0,89.75322637825315,103.91
10,14/01/2022,Vente,460000.0,0,Maison,96.0,7.0,128.0,47.466616,-0.540678,0.73,2530000.0,18.458711045426742,24.31
11,19/01/2022,Vente,600000.0,0,Local industriel. commercial ou assimilé,397.0,0.0,111.0,47.473916,-0.554581,0.71,3300000.0,15.731858601070755,24.31
12,19/01/2022,Vente,600000.0,0,Local industriel. commercial ou assimilé,231.0,0.0,111.0,47.473916,-0.554581,0.71,3300000.0,15.731858601070755,24.31
13,11/01/2022,Vente,245000.0,0,Maison,93.0,5.0,486.0,47.43975,-0.527266,0.75,1347500.0,29.189010024760268,52.03
14,10/01/2022,Vente,180000.0,0,Maison,89.0,5.0,160.0,47.477433,-0.538425,0.79,990000.0,13.320809326966035,24.31
15,20/01/2022,Vente,460000.0,0,Maison,210.0,5.0,2211.0,47.629568,-0.442533,0.74,2530000.0,111.11175168058301,74.72
16,18/01/2022,Vente,325000.0,0,Maison,96.0,5.0,386.0,47.485664,-0.517768,0.83,1787500.0,23.169803047442635,24.31
17,19/01/2022,Vente,240000.0,0,Maison,110.0,5.0,623.0,47.563103,-0.506243,0.79,1320000.0,112.56901309891846,74.72
18,14/01/2022,Vente,590000.0,1,Local industriel. commercial ou assimilé,588.0,0.0,388.0,47.480325,-0.520012,0.8,3245000.0,24.686858606286222,24.31
19,19/01/2022,Vente,150000.0,0,Maison,63.0,3.0,488.0,47.614725,-0.473898,0.7,825000.0,41.806084657203584,74.72
20,20/01/2022,Vente,211000.0,0,Maison,92.0,6.0,367.0,47.618575,-0.459537,0.8,1160500.0,58.522959905391886,74.72
21,03/01/2022,Vente,590000.0,0,Maison,190.0,5.0,290.0,47.445622,-0.510085,0.84,3245000.0,34.413429692434356,52.03
22,26/01/2022,Vente,210000.0,0,Maison,101.0,4.0,758.0,47.576202,-0.487969,0.71,1155000.0,60.849315050119294,74.72
23,13/01/2022,Vente,317000.0,0,Maison,105.0,5.0,421.0,47.48015,-0.524209,0.79,1743500.0,25.56070773010747,24.31
24,10/01/2022,Vente,200500.0,0,Maison,60.0,3.0,584.0,47.521762,-0.433816,0.85,1102750.0,45.408762300583504,103.91
25,10/01/2022,Vente,200500.0,0,Maison,60.0,3.0,691.0,47.521762,-0.433816,0.85,1102750.0,45.408762300583504,103.91
26,26/01/2022,Vente,76000.0,0,Maison,61.0,3.0,75.0,47.621179,-0.508127,0.78,418000.0,142.77619185715872,74.72
27,24/01/2022,Vente,325000.0,0,Maison,100.0,6.0,1242.0,47.53919,-0.473948,0.78,1787500.0,87.0572323466669,103.91
28,24/01/2022,Vente,325000.0,0,Maison,100.0,6.0,1006.0,47.53919,-0.473948,0.78,1787500.0,87.0572323466669,103.91
29,27/01/2022,Vente,353500.0,0,Maison,90.0,4.0,354.0,47.473782,-0.533727,0.78,1944250.0,17.63417716747701,24.31
30,25/01/2022,Vente,180000.0,0,Maison,74.0,5.0,1177.0,47.588911,-0.45713,0.8,990000.0,61.291197814546614,103.91
31,25/01/2022,Vente,180000.0,0,Maison,74.0,5.0,603.0,47.588911,-0.45713,0.8,990000.0,61.291197814546614,103.91
32,27/01/2022,Vente,520000.0,0,Maison,166.0,5.0,702.0,47.42583,-0.559607,0.77,2860000.0,66.94695450642764,52.03
33,31/01/2022,Vente,215000.0,0,Maison,112.0,5.0,701.0,47.57814,-0.49307,0.71,1182500.0,53.33425410019455,74.72
34,11/01/2022,Vente,575000.0,0,Maison,170.0,6.0,420.0,47.431789,-0.528611,0.84,3162500.0,46.36918287224901,52.03
35,06/01/2022,Vente,360000.0,0,Maison,120.0,5.0,223.0,47.481847,-0.533948,0.81,1980000.0,22.924443150653154,24.31
36,14/01/2022,Vente,590000.0,0,Maison,189.0,7.0,778.0,47.444976,-0.570891,0.65,3245000.0,50.62669666047152,24.31
37,20/01/2022,Vente,212000.0,0,Maison,66.0,4.0,167.0,47.479603,-0.518093,0.83,1166000.0,26.969766840099126,24.31
38,04/02/2022,Vente,650000.0,0,Local industriel. commercial ou assimilé,700.0,0.0,1863.0,47.434793,-0.504718,0.83,3575000.0,24.089952734134226,52.03
39,27/01/2022,Vente,280000.0,0,Local industriel. commercial ou assimilé,130.0,0.0,147.0,47.481564,-0.523504,0.67,1540000.0,27.00430165574565,24.31
40,31/01/2022,Vente,357000.0,0,Maison,100.0,4.0,783.0,47.572289,-0.487194,0.81,1963500.0,68.65276802221437,74.72
41,12/01/2022,Vente,300000.0,0,Maison,90.0,5.0,563.0,47.480849,-0.518478,0.69,1650000.0,23.386771339155867,24.31
42,03/02/2022,Vente,210000.0,0,Maison,78.0,2.0,537.0,47.552273,-0.428565,0.77,1155000.0,45.127664903410135,103.91
43,24/01/2022,Vente,397500.0,0,Maison,125.0,6.0,937.0,47.488289,-0.530675,0.72,2186250.0,33.07537757278436,24.31
44,27/01/2022,Vente,453000.0,0,Maison,118.0,4.0,253.0,47.483888,-0.540988,0.83,2491500.0,35.37722325404314,24.31
45,25/01/2022,Vente,420000.0,0,Maison,150.0,6.0,1000.0,47.576721,-0.464598,0.79,2310000.0,80.9611386756445,103.91
46,25/01/2022,Vente,420000.0,0,Maison,150.0,6.0,4675.0,47.576721,-0.464598,0.79,2310000.0,80.9611386756445,103.91
47,27/01/2022,Vente,305263.0,0,Maison,97.0,5.0,1466.0,47.522379,-0.446997,0.5,1678946.5,33.32674158777371,69.78
48,27/01/2022,Vente,305263.0,0,Maison,97.0,5.0,500.0,47.522379,-0.446997,0.5,1678946.5,33.32674158777371,69.78
49,10/02/2022,Vente,250000.0,0,Maison,88.0,5.0,995.0,47.623012,-0.469842,0.79,1375000.0,58.10615845140985,74.72
50,02/02/2022,Vente,370000.0,0,Maison,66.0,3.0,770.0,47.43871,-0.507822,0.77,2035000.0,45.88247494253065,52.03
51,03/02/2022,Vente,625000.0,0,Maison,192.0,7.0,629.0,47.482361,-0.535652,0.83,3437500.0,23.339676321721708,24.31
52,08/02/2022,Vente,475000.0,0,Maison,87.0,5.0,129.0,47.47597,-0.540594,0.79,2612500.0,9.06303005936158,24.31
53,27/01/2022,Vente,150000.0,0,Maison,64.0,4.0,799.0,47.560667,-0.427445,0.86,825000.0,46.82039559102188,103.91
54,24/01/2022,Vente,140000.0,0,Local industriel. commercial ou assimilé,350.0,0.0,1225.0,47.426522,-0.591967,0.62,770000.0,91.72602075542368,52.03
55,15/02/2022,Vente,268000.0,0,Maison,123.0,6.0,585.0,47.613312,-0.465871,0.78,1474000.0,37.03599888083993,74.72
56,21/01/2022,Vente,265000.0,0,Maison,64.0,4.0,262.0,47.456455,-0.518473,0.67,1457500.0,30.019508433391366,24.31
57,11/02/2022,Vente,218000.0,0,Maison,74.0,4.0,526.0,47.557172,-0.425083,0.77,1199000.0,43.64962803700661,103.91
58,11/02/2022,Vente,218000.0,0,Maison,74.0,4.0,604.0,47.557172,-0.425083,0.77,1199000.0,43.64962803700661,103.91
59,11/02/2022,Vente,650000.0,0,Maison,269.0,7.0,800.0,47.573265,-0.501535,0.74,3575000.0,64.77769094829603,74.72
60,11/02/2022,Vente,650000.0,0,Maison,269.0,7.0,1001.0,47.573265,-0.501535,0.74,3575000.0,64.77769094829603,74.72
61,21/02/2022,Vente,393000.0,0,Maison,148.0,8.0,344.0,47.43976,-0.497757,0.84,2161500.0,25.500363103544537,52.03
62,28/01/2022,Vente,650000.0,0,Maison,153.0,7.0,197.0,47.478117,-0.546624,0.83,3575000.0,32.97120171183101,24.31
63,24/01/2022,Vente,250000.0,0,Maison,44.0,2.0,203.0,47.478837,-0.53619,0.81,1375000.0,15.54647741353171,24.31
64,25/01/2022,Vente,440000.0,0,Maison,124.0,5.0,272.0,47.418403,-0.524448,0.72,2420000.0,82.65875175665009,52.03
65,09/02/2022,Vente,210000.0,0,Maison,78.0,4.0,242.0,47.49039,-0.524565,0.66,1155000.0,38.936288508896176,24.31
66,21/02/2022,Vente,225000.0,0,Maison,100.0,5.0,1640.0,47.586531,-0.490319,0.72,1237500.0,71.70832772434915,74.72
67,21/02/2022,Vente,225000.0,0,Maison,100.0,5.0,800.0,47.586531,-0.490319,0.72,1237500.0,71.70832772434915,74.72
68,16/02/2022,Vente,100000.0,0,Maison,87.0,4.0,2000.0,47.543853,-0.425978,0.76,550000.0,50.003962754191924,103.91
69,16/02/2022,Vente,100000.0,0,Maison,87.0,4.0,3755.0,47.543853,-0.425978,0.76,550000.0,50.003962754191924,103.91
70,24/02/2022,Vente,520000.0,0,Maison,181.0,7.0,329.0,47.48601,-0.515001,0.72,2860000.0,27.207411297371465,24.31
71,14/02/2022,Vente,780000.0,0,Local industriel. commercial ou assimilé,840.0,0.0,2400.0,47.43715,-0.492817,0.65,4290000.0,33.35680805409519,52.03
72,10/02/2022,Vente,970000.0,0,Maison,218.0,7.0,1001.0,47.449572,-0.522017,0.83,5335000.0,38.06116303092348,52.03
73,10/02/2022,Vente,970000.0,0,Maison,218.0,7.0,984.0,47.449572,-0.522017,0.83,5335000.0,38.06116303092348,52.03
74,03/02/2022,Vente,610000.0,0,Maison,151.0,7.0,134.0,47.467402,-0.539489,0.81,3355000.0,19.344709195246026,24.31
75,23/02/2022,Vente,300000.0,0,Appartement,36.0,2.0,121.0,47.471659,-0.535068,0.81,1650000.0,18.237705026002203,24.31
76,23/02/2022,Vente,300000.0,0,Appartement,37.0,2.0,121.0,47.471659,-0.535068,0.81,1650000.0,18.237705026002203,24.31
77,28/02/2022,Vente,500000.0,0,Maison,167.0,10.0,807.0,47.473705,-0.537057,0.78,2750000.0,13.32899348302865,24.31
78,28/02/2022,Vente,500000.0,0,Maison,59.0,3.0,807.0,47.473705,-0.537057,0.78,2750000.0,13.32899348302865,24.31
79,28/02/2022,Vente,252000.0,0,Maison,103.0,4.0,1000.0,47.607273,-0.407073,0.53,1386000.0,151.39297658591082,103.91
80,28/02/2022,Vente,252000.0,0,Maison,103.0,4.0,1417.0,47.607273,-0.407073,0.53,1386000.0,151.39297658591082,103.91
81,03/02/2022,Vente,500000.0,0,Maison,126.0,6.0,578.0,47.464796,-0.563789,0.83,2750000.0,36.538553578012234,24.31
82,28/02/2022,Vente,160000.0,0,Maison,57.0,4.0,760.0,47.576856,-0.452661,0.71,880000.0,79.01060059519557,103.91
83,28/02/2022,Vente,160000.0,0,Maison,57.0,4.0,700.0,47.576856,-0.452661,0.71,880000.0,79.01060059519557,103.91
84,09/02/2022,Vente,200000.0,0,Maison,88.0,4.0,550.0,47.558282,-0.430432,0.79,1100000.0,44.074654319902294,103.91
85,11/02/2022,Vente,630000.0,0,Maison,180.0,8.0,118.0,47.46661,-0.544059,0.81,3465000.0,15.473038563680173,24.31
86,09/02/2022,Vente,450000.0,0,Maison,144.0,5.0,836.0,47.438258,-0.519902,0.86,2475000.0,38.55669336889744,52.03
87,01/03/2022,Vente,97500.0,0,Maison,70.0,3.0,500.0,47.618692,-0.512778,0.71,536250.0,152.9550627075134,74.72
88,01/03/2022,Vente,97500.0,0,Maison,70.0,3.0,614.0,47.618692,-0.512778,0.71,536250.0,152.9550627075134,74.72
89,04/02/2022,Vente,30000.0,0,Maison,10.0,1.0,12.0,47.413183,-0.503382,0.72,165000.0,74.14707894321627,52.03
90,04/02/2022,Vente,65000.0,0,Maison,78.0,3.0,372.0,47.41284,-0.511974,0.65,357500.0,86.70401806591099,52.03
91,09/02/2022,Vente,120000.0,0,Maison,37.0,1.0,140.0,47.570888,-0.492774,0.61,660000.0,62.3659103093908,74.72
92,24/02/2022,Vente,353000.0,0,Maison,121.0,5.0,295.0,47.44578,-0.535354,0.57,1941500.0,45.18466607188317,24.31
93,15/02/2022,Vente,382000.0,0,Maison,90.0,4.0,916.0,47.424315,-0.551617,0.76,2101000.0,78.90750533735215,52.03
94,28/02/2022,Vente,305000.0,0,Maison,101.0,4.0,556.0,47.438023,-0.517472,0.86,1677500.0,46.41692414407498,52.03
95,28/02/2022,Vente,250000.0,0,Maison,86.0,5.0,81.0,47.476486,-0.535419,0.71,1375000.0,13.808944355215445,24.31
96,03/03/2022,Vente,327050.0,0,Maison,91.0,5.0,138.0,47.481584,-0.530449,0.59,1798775.0,20.98845830628857,24.31
97,28/02/2022,Vente,650000.0,0,Local industriel. commercial ou assimilé,1292.0,0.0,5968.0,47.484256,-0.546291,0.79,3575000.0,48.44433410863985,24.31
98,01/03/2022,Vente,190000.0,0,Maison,50.0,3.0,127.0,47.475489,-0.538727,0.77,1045000.0,7.6410555824956585,24.31
99,28/02/2022,Vente,190000.0,0,Maison,135.0,6.0,66.0,47.21354,-0.623343,0.71,1045000.0,217.3054070150507,88.97
100,11/03/2022,Vente,305000.0,0,Maison,118.0,6.0,458.0,47.522462,-0.447014,0.48,1677500.0,33.30027182159117,69.78
101,25/02/2022,Vente,230000.0,0,Maison,147.0,4.0,350.0,47.237424,-0.579486,0.7,1265000.0,131.84866957599436,88.97
102,07/03/2022,Vente,183269.0,0,Maison,114.0,4.0,715.0,47.678103,-0.493201,0.83,1007979.5,24.94512664774326,69.03
103,04/03/2022,Vente,326900.0,0,Maison,128.0,5.0,327.0,47.514492,-0.584128,0.81,1797950.0,29.902734003740964,45.26
104,08/03/2022,Vente,110000.0,0,Maison,90.0,4.0,2249.0,47.66521,-0.565764,0.4,605000.0,87.57512149941233,69.03
105,21/02/2022,Vente,160000.0,0,Maison,92.0,3.0,1273.0,47.11669,-0.290831,0.75,880000.0,234.03847488070355,120.09
106,23/02/2022,Vente,400000.0,0,Maison,126.0,4.0,175.0,47.423818,-0.523941,0.83,2200000.0,67.05777301324183,52.03
107,07/03/2022,Vente,120000.0,0,Maison,61.0,3.0,75.0,47.682962,-0.491817,0.83,660000.0,27.148648051923676,69.03
108,24/02/2022,Vente,495000.0,0,Maison,100.0,4.0,310.0,47.466046,-0.543277,0.81,2722500.0,18.27908014066798,24.31
109,11/03/2022,Vente,230000.0,0,Maison,123.0,3.0,676.0,47.664987,-0.470019,0.73,1265000.0,28.696085927033717,69.03
110,11/03/2022,Vente,230000.0,0,Maison,123.0,3.0,1000.0,47.664987,-0.470019,0.73,1265000.0,28.696085927033717,69.03
111,24/02/2022,Vente,210000.0,0,Maison,169.0,5.0,292.0,47.576321,-0.361719,0.82,1155000.0,58.168285539582655,103.91
112,18/02/2022,Vente,227600.0,0,Maison,79.0,4.0,331.0,47.438193,-0.528188,0.82,1251800.0,30.215214539943304,52.03
113,25/02/2022,Vente,200000.0,0,Local industriel. commercial ou assimilé,60.0,0.0,754.0,47.669081,-0.473346,0.69,1100000.0,39.230426841910194,69.03
114,25/02/2022,Vente,200000.0,0,Maison,187.0,6.0,674.0,47.669008,-0.473068,0.6,1100000.0,38.1153413462823,69.03
115,14/03/2022,Vente,185000.0,0,Maison,97.0,4.0,145.0,47.665984,-0.780971,0.83,1017500.0,202.93344029231807,41.84
116,23/02/2022,Vente,74505.0,0,Appartement,65.0,1.0,84.0,47.144591,-0.535276,0.67,409777.5,7.951023347927296,22.31
117,23/02/2022,Vente,74505.0,0,Appartement,42.0,2.0,84.0,47.144591,-0.535276,0.67,409777.5,7.951023347927296,22.31
118,23/02/2022,Vente,74505.0,0,Appartement,40.0,2.0,84.0,47.144591,-0.535276,0.67,409777.5,7.951023347927296,22.31
119,23/02/2022,Vente,130000.0,0,Appartement,54.0,3.0,244.0,47.220267,-0.726054,0.71,715000.0,38.86783989383333,88.97
120,23/02/2022,Vente,130000.0,0,Appartement,60.0,3.0,244.0,47.220267,-0.726054,0.71,715000.0,38.86783989383333,88.97
121,28/02/2022,Vente,120000.0,0,Maison,110.0,3.0,1695.0,47.62266,-0.356341,0.74,660000.0,121.03941153160218,103.91
122,28/02/2022,Vente,120000.0,0,Maison,110.0,3.0,565.0,47.62266,-0.356341,0.74,660000.0,121.03941153160218,103.91
123,14/03/2022,Vente,176480.0,0,Maison,122.0,5.0,330.0,47.266455,-0.787372,0.52,970640.0,269.821721731591,88.97
124,28/02/2022,Vente,315000.0,0,Maison,33.0,2.0,928.0,47.556097,-0.433294,0.65,1732500.0,47.913463180269346,103.91
125,28/02/2022,Vente,315000.0,0,Maison,122.0,6.0,928.0,47.556097,-0.433294,0.65,1732500.0,47.913463180269346,103.91
126,15/03/2022,Vente,60000.0,0,Maison,95.0,5.0,810.0,47.156415,-0.447978,0.82,330000.0,199.47457261831124,22.31
127,15/03/2022,Vente,60000.0,0,Local industriel. commercial ou assimilé,1373.0,0.0,810.0,47.156415,-0.447978,0.82,330000.0,199.47457261831124,22.31
128,03/03/2022,Vente,305263.16,0,Maison,158.0,6.0,550.0,47.555064,-0.386711,0.53,1678947.3800000001,90.40607529767486,103.91
129,03/03/2022,Vente,305263.16,0,Maison,158.0,6.0,1661.0,47.555064,-0.386711,0.53,1678947.3800000001,90.40607529767486,103.91
130,15/03/2022,Vente,290000.0,0,Maison,166.0,5.0,4130.0,47.137204,-0.601175,0.81,1595000.0,199.9486265706817,22.31
131,15/03/2022,Vente,290000.0,0,Maison,166.0,5.0,4129.0,47.137204,-0.601175,0.81,1595000.0,199.9486265706817,22.31
132,15/03/2022,Vente,290000.0,0,Maison,166.0,5.0,8269.0,47.137204,-0.601175,0.81,1595000.0,199.9486265706817,22.31
133,28/02/2022,Vente,316000.0,0,Maison,85.0,4.0,439.0,47.490494,-0.531926,0.71,1738000.0,40.161158015675376,24.31
134,07/03/2022,Vente,205000.0,0,Maison,97.0,4.0,500.0,47.539339,-0.419153,0.77,1127500.0,65.25226670023869,103.91
135,07/03/2022,Vente,205000.0,0,Maison,97.0,4.0,1030.0,47.539339,-0.419153,0.77,1127500.0,65.25226670023869,103.91
136,08/03/2022,Vente,135000.0,0,Maison,65.0,3.0,797.0,47.437752,-0.70337,0.7,742500.0,91.29731667218401,42.85
137,07/03/2022,Vente,95000.0,0,Maison,68.0,4.0,582.0,47.127282,-0.155782,0.71,522500.0,16.72533852648158,120.09
138,23/03/2022,Vente,323000.0,0,Maison,82.0,3.0,1205.0,47.664846,-0.578896,0.82,1776500.0,89.73433946014373,69.03
139,21/03/2022,Vente,520000.0,0,Maison,95.0,3.0,125.0,47.466426,-0.536608,0.82,2860000.0,20.254047320790974,24.31
140,16/03/2022,Vente,190000.0,0,Maison,96.0,4.0,83.0,47.555088,-0.230226,0.74,1045000.0,35.97935598731434,103.91
141,16/03/2022,Vente,200000.0,0,Maison,36.0,1.0,305.0,47.383813,-0.658115,0.8,1100000.0,15.703666696662596,42.85
142,23/03/2022,Vente,210000.0,0,Maison,130.0,3.0,281.0,47.410372,-0.761002,0.85,1155000.0,38.24012573838919,42.85
143,31/03/2022,Vente,450000.0,0,Appartement,40.0,2.0,369.0,47.478667,-0.528963,0.67,2475000.0,15.659724784600957,24.31
144,31/03/2022,Vente,450000.0,0,Appartement,79.0,3.0,369.0,47.478667,-0.528963,0.67,2475000.0,15.659724784600957,24.31
145,31/03/2022,Vente,450000.0,0,Appartement,34.0,1.0,369.0,47.478667,-0.528963,0.67,2475000.0,15.659724784600957,24.31
146,31/03/2022,Vente,450000.0,0,Appartement,67.0,2.0,369.0,47.478667,-0.528963,0.67,2475000.0,15.659724784600957,24.31
147,31/03/2022,Vente,450000.0,0,Appartement,37.0,2.0,369.0,47.478667,-0.528963,0.67,2475000.0,15.659724784600957,24.31
148,07/04/2022,Vente,292000.0,0,Maison,82.0,4.0,185.0,47.485953,-0.520291,0.83,1606000.0,26.174172402097728,24.31
149,05/04/2022,Vente,310000.0,0,Appartement,28.0,1.0,173.0,47.475384,-0.539757,0.83,1705000.0,4.7109128468670685,24.31
150,05/04/2022,Vente,310000.0,0,Appartement,20.0,1.0,173.0,47.475384,-0.539757,0.83,1705000.0,4.7109128468670685,24.31
151,05/04/2022,Vente,310000.0,0,Appartement,20.0,1.0,173.0,47.475384,-0.539757,0.83,1705000.0,4.7109128468670685,24.31
152,05/04/2022,Vente,310000.0,0,Appartement,18.0,1.0,173.0,47.475384,-0.539757,0.83,1705000.0,4.7109128468670685,24.31
153,05/04/2022,Vente,310000.0,0,Appartement,24.0,1.0,173.0,47.475384,-0.539757,0.83,1705000.0,4.7109128468670685,24.31
154,05/04/2022,Vente,310000.0,0,Appartement,18.0,1.0,173.0,47.475384,-0.539757,0.83,1705000.0,4.7109128468670685,24.31
155,22/03/2022,Vente,80000.0,0,Maison,104.0,4.0,88.0,47.264058,-0.644317,0.6,440000.0,148.1582711696213,88.97
156,22/03/2022,Vente,80000.0,0,Maison,104.0,4.0,539.0,47.264058,-0.644317,0.6,440000.0,148.1582711696213,88.97
157,30/03/2022,Vente,90000.0,0,Maison,50.0,3.0,570.0,47.267515,-0.826964,0.66,495000.0,179.22708962521975,88.97
158,30/03/2022,Vente,90000.0,0,Maison,70.0,4.0,570.0,47.267515,-0.826964,0.66,495000.0,179.22708962521975,88.97
159,11/04/2022,Vente,71000.0,0,Maison,76.0,3.0,57.0,47.144198,-0.697727,0.74,390500.0,102.56686793198945,88.97
160,31/03/2022,Vente,140000.0,0,Maison,141.0,5.0,900.0,47.655944,-0.463399,0.73,770000.0,65.10890297351698,69.03
161,31/03/2022,Vente,140000.0,0,Maison,141.0,5.0,587.0,47.655944,-0.463399,0.73,770000.0,65.10890297351698,69.03
162,11/04/2022,Vente,230000.0,0,Maison,125.0,4.0,2479.0,47.183257,-0.469166,0.63,1265000.0,165.55602093578008,22.31
163,11/04/2022,Vente,400000.0,0,Maison,253.0,7.0,664.0,47.157117,-0.446694,0.81,2200000.0,197.7987142269311,22.31
164,19/04/2022,Vente,725000.0,0,Local industriel. commercial ou assimilé,113.0,0.0,186.0,47.473056,-0.550932,0.81,3987500.0,3.7666704440019747,24.31
165,19/04/2022,Vente,725000.0,0,Appartement,50.0,2.0,186.0,47.473056,-0.550932,0.81,3987500.0,3.7666704440019747,24.31
166,19/04/2022,Vente,725000.0,0,Appartement,80.0,3.0,186.0,47.473056,-0.550932,0.81,3987500.0,3.7666704440019747,24.31
167,19/04/2022,Vente,725000.0,0,Appartement,22.0,1.0,186.0,47.473056,-0.550932,0.81,3987500.0,3.7666704440019747,24.31
168,19/04/2022,Vente,725000.0,0,Appartement,72.0,3.0,186.0,47.473056,-0.550932,0.81,3987500.0,3.7666704440019747,24.31
169,07/04/2022,Vente,665000.0,0,Maison,148.0,4.0,1400.0,47.486707,-0.288631,0.47,3657500.0,33.57763137346004,103.91
170,07/04/2022,Vente,665000.0,0,Maison,148.0,4.0,2915.0,47.486707,-0.288631,0.47,3657500.0,33.57763137346004,103.91
171,07/04/2022,Vente,665000.0,0,Maison,76.0,3.0,520.0,47.486707,-0.288631,0.47,3657500.0,33.57763137346004,103.91
172,07/04/2022,Vente,665000.0,0,Maison,99.0,3.0,520.0,47.486707,-0.288631,0.47,3657500.0,33.57763137346004,103.91
173,07/04/2022,Vente,665000.0,0,Maison,80.0,3.0,520.0,47.486707,-0.288631,0.47,3657500.0,33.57763137346004,103.91
174,08/04/2022,Vente,350000.0,0,Maison,185.0,5.0,2700.0,47.454364,-0.800874,0.61,1925000.0,50.468237345763825,42.85
175,08/04/2022,Vente,350000.0,0,Maison,185.0,5.0,500.0,47.454364,-0.800874,0.61,1925000.0,50.468237345763825,42.85
176,29/03/2022,Vente,298000.0,0,Maison,76.0,2.0,193.0,47.453171,-0.659014,0.73,1639000.0,156.47676135183391,42.85
177,31/03/2022,Vente,176000.0,0,Maison,83.0,4.0,163.0,47.462296,-0.706544,0.6,968000.0,70.99631719801931,42.85
178,12/04/2022,Vente,62500.0,0,Maison,136.0,5.0,1077.0,47.17696,-0.505409,0.49,343750.0,143.35808568527293,22.31
179,01/04/2022,Vente,89000.0,0,Maison,130.0,4.0,84.0,47.552324,-0.809391,0.71,489500.0,27.974933804235157,41.84
180,26/04/2022,Vente,140000.0,0,Maison,88.0,5.0,716.0,47.253848,-0.984234,0.59,770000.0,168.0024496037656,59.26
181,22/04/2022,Vente,340000.0,0,Maison,143.0,9.0,824.0,47.439317,-0.525303,0.81,1870000.0,27.602962082899314,52.03
182,15/04/2022,Vente,265000.0,0,Maison,103.0,5.0,506.0,47.411933,-0.758341,0.85,1457500.0,49.336742546633424,42.85
183,25/04/2022,Vente,35000.0,0,Maison,58.0,2.0,81.0,47.483256,-0.676957,0.79,192500.0,156.3810095789689,25.12
184,19/04/2022,Vente,200000.0,0,Maison,126.0,5.0,306.0,47.487549,-0.530958,0.72,1100000.0,31.955895580030315,24.31
185,13/04/2022,Vente,695000.0,0,Maison,143.0,4.0,2335.0,47.460401,-0.726409,0.73,3822500.0,109.49389721815136,42.85
186,13/04/2022,Vente,695000.0,0,Maison,143.0,4.0,1500.0,47.460401,-0.726409,0.73,3822500.0,109.49389721815136,42.85
187,25/04/2022,Vente,210000.0,0,Maison,103.0,3.0,499.0,47.141714,-0.538934,0.84,1155000.0,21.157024488379506,22.31
188,25/04/2022,Vente,210000.0,0,Maison,103.0,3.0,775.0,47.141714,-0.538934,0.84,1155000.0,21.157024488379506,22.31
189,25/04/2022,Vente,185000.0,0,Maison,101.0,4.0,743.0,47.145744,-0.535879,0.84,1017500.0,7.1580945546306065,22.31
190,15/04/2022,Vente,245000.0,0,Maison,96.0,5.0,302.0,47.508584,-0.583186,0.76,1347500.0,26.422881098958218,45.26
191,13/04/2022,Vente,320000.0,0,Maison,113.0,6.0,931.0,47.513686,-0.594189,0.51,1760000.0,35.220667677252415,45.26
192,14/04/2022,Vente,207000.0,0,Maison,60.0,3.0,62.0,47.490191,-0.566599,0.81,1138500.0,40.7839333548136,24.31
193,21/04/2022,Vente,390000.0,0,Maison,138.0,7.0,374.0,47.429511,-0.606658,0.82,2145000.0,47.02569223300288,61.12
194,22/04/2022,Vente,320200.0,0,Maison,89.0,4.0,319.0,47.513421,-0.599885,0.76,1761100.0,46.10357309465373,45.26
195,14/04/2022,Vente,500000.0,0,Maison,136.0,5.0,204.0,47.46755,-0.541971,0.78,2750000.0,17.390168441483056,24.31
196,12/04/2022,Vente,259000.0,0,Maison,156.0,5.0,500.0,47.137373,-0.10916,0.81,1424500.0,172.97244689229154,120.09
197,12/04/2022,Vente,259000.0,0,Maison,156.0,5.0,500.0,47.137373,-0.10916,0.81,1424500.0,172.97244689229154,120.09
198,12/04/2022,Vente,259000.0,0,Maison,156.0,5.0,726.0,47.137373,-0.10916,0.81,1424500.0,172.97244689229154,120.09
199,19/04/2022,Vente,113310.0,0,Maison,91.0,4.0,117.0,47.27111,-1.026228,0.67,623205.0,43.9893123806496,59.26
200,15/04/2022,Vente,240500.0,0,Maison,72.0,4.0,151.0,47.477498,-0.534277,0.68,1322750.0,18.346516806562324,24.31
201,19/04/2022,Vente,576000.0,0,Maison,120.0,6.0,218.0,47.480877,-0.536796,0.83,3168000.0,19.05274858458066,24.31
202,08/04/2022,Vente,610000.0,0,Maison,100.0,3.0,1390.0,47.509108,-0.585003,0.6,3355000.0,20.596472725016017,45.26
203,08/04/2022,Vente,610000.0,0,Maison,100.0,3.0,640.0,47.509108,-0.585003,0.6,3355000.0,20.596472725016017,45.26
204,08/04/2022,Vente,610000.0,0,Maison,100.0,3.0,579.0,47.509108,-0.585003,0.6,3355000.0,20.596472725016017,45.26
205,08/04/2022,Vente,230000.0,0,Maison,144.0,5.0,620.0,47.436165,-0.103845,0.82,1265000.0,226.1783408995744,204.33
206,08/04/2022,Vente,230000.0,0,Maison,130.0,5.0,620.0,47.436165,-0.103845,0.82,1265000.0,226.1783408995744,204.33
207,29/04/2022,Vente,171500.0,0,Maison,87.0,4.0,1282.0,47.304055,-0.921553,0.3,943250.0,159.92386724543888,59.26
208,29/04/2022,Vente,171500.0,0,Maison,87.0,4.0,487.0,47.304055,-0.921553,0.3,943250.0,159.92386724543888,59.26
209,06/04/2022,Vente,135000.0,0,Maison,85.0,3.0,500.0,47.390831,-0.044134,0.85,742500.0,88.11075664604536,204.33
210,06/04/2022,Vente,135000.0,0,Maison,85.0,3.0,533.0,47.390831,-0.044134,0.85,742500.0,88.11075664604536,204.33
211,22/04/2022,Vente,127000.0,0,Maison,90.0,4.0,127.0,47.208528,-0.724815,0.7,698500.0,21.125528322857402,88.97
212,02/05/2022,Vente,169500.0,0,Maison,82.0,3.0,130.0,47.422823,-0.592836,0.67,932250.0,92.13259009474201,52.03
213,29/04/2022,Vente,195000.0,0,Maison,99.0,5.0,992.0,47.244207,-0.963671,0.65,1072500.0,213.53933871553184,59.26
214,08/04/2022,Vente,161500.0,0,Maison,85.0,5.0,331.0,47.257617,-1.048337,0.7,888250.0,30.168525711513947,59.26
215,29/04/2022,Vente,218000.0,0,Maison,115.0,5.0,285.0,47.60026,-0.832411,0.82,1199000.0,64.6257346750574,41.84
216,13/04/2022,Vente,253000.0,0,Maison,73.0,4.0,336.0,47.426994,-0.551083,0.72,1391500.0,75.20353869108827,52.03
217,28/04/2022,Vente,70000.0,0,Maison,62.0,3.0,380.0,47.303334,-1.081082,0.64,385000.0,175.45688141655188,59.26
218,19/04/2022,Vente,233200.0,0,Maison,125.0,6.0,490.0,47.173324,-0.061901,0.84,1282600.0,230.7366287331177,120.09
219,29/04/2022,Vente,86000.0,0,Maison,70.0,3.0,94.0,47.146654,-0.53617,0.81,473000.0,9.85840902966257,22.31
220,20/04/2022,Vente,280000.0,0,Maison,133.0,5.0,436.0,47.529525,-0.745716,0.83,1540000.0,105.93590160699262,28.99
221,11/04/2022,Vente,610000.0,0,Maison,287.0,7.0,423.0,47.424003,-0.608003,0.55,3355000.0,50.02276493179235,61.12
222,21/04/2022,Vente,170000.0,0,Local industriel. commercial ou assimilé,768.0,0.0,11000.0,47.514884,-0.76056,0.58,935000.0,107.4824480071614,28.99
223,21/04/2022,Vente,170000.0,0,Local industriel. commercial ou assimilé,768.0,0.0,2220.0,47.514884,-0.76056,0.58,935000.0,107.4824480071614,28.99
224,27/04/2022,Vente,110000.0,0,Maison,106.0,5.0,437.0,47.757056,-0.493768,0.75,605000.0,269.2482029553409,69.03
225,14/04/2022,Vente,207500.0,0,Maison,101.0,5.0,699.0,47.207279,-0.710697,0.71,1141250.0,80.60217400470124,88.97
226,04/05/2022,Vente,35000.0,0,Maison,81.0,2.0,251.0,47.221849,-1.043277,0.64,192500.0,101.13973294235745,59.26
227,28/04/2022,Vente,322000.0,0,Maison,100.0,6.0,253.0,47.447759,-0.51835,0.77,1771000.0,38.950926090432496,52.03
228,22/04/2022,Vente,560000.0,0,Maison,163.0,6.0,831.0,47.513157,-0.602006,0.77,3080000.0,47.66411538296658,45.26
229,29/04/2022,Vente,200000.0,0,Local industriel. commercial ou assimilé,475.0,0.0,1676.0,47.500064,-0.803653,0.75,1100000.0,23.050962368580524,28.99
230,29/04/2022,Vente,313850.0,0,Maison,94.0,5.0,874.0,47.586737,-0.495422,0.71,1726175.0,74.78356826380214,74.72
231,28/04/2022,Vente,160000.0,0,Maison,52.0,2.0,411.0,47.556111,-0.393096,0.78,880000.0,95.00237814497922,103.91
232,05/05/2022,Vente,95000.0,0,Maison,38.0,2.0,155.0,47.555662,-0.234313,0.74,522500.0,31.27113482602302,103.91
233,05/05/2022,Vente,95000.0,0,Maison,195.0,7.0,491.0,47.555489,-0.234557,0.74,522500.0,31.898302448772995,103.91
234,27/04/2022,Vente,130000.0,0,Maison,71.0,3.0,328.0,47.577663,-0.356162,0.83,715000.0,40.50929046578182,103.91
235,11/05/2022,Vente,120000.0,0,Maison,63.0,4.0,100.0,47.68044,-0.488187,0.68,660000.0,22.610639385448106,69.03
236,10/05/2022,Vente,340000.0,0,Maison,94.0,5.0,583.0,47.624403,-0.720301,0.84,1870000.0,22.969373149334206,41.84
237,12/05/2022,Vente,75010.0,0,Maison,80.0,2.0,82.0,47.376958,-0.104193,0.74,412555.0,25.240493294574886,204.33
238,09/05/2022,Vente,130500.0,0,Maison,130.0,6.0,92.0,47.138029,-0.155585,0.67,717750.0,38.45316440347934,120.09
239,26/04/2022,Vente,480000.0,0,Maison,80.0,3.0,101.0,47.515963,-0.474108,0.46,2640000.0,50.311595400527516,69.78
240,16/05/2022,Vente,159000.0,0,Maison,59.0,3.0,129.0,47.626802,-0.715051,0.85,874500.0,5.373449972368451,41.84
241,16/05/2022,Vente,159000.0,0,Local industriel. commercial ou assimilé,33.0,0.0,28.0,47.626802,-0.715051,0.85,874500.0,5.373449972368451,41.84
242,04/05/2022,Vente,348200.0,0,Maison,65.0,4.0,208.0,47.480379,-0.538757,0.83,1915100.0,21.471017956005326,24.31
243,29/04/2022,Vente,278000.0,0,Maison,90.0,2.0,487.0,47.613055,-0.468753,0.81,1529000.0,36.11878930980976,74.72
244,12/05/2022,Vente,285000.0,0,Maison,80.0,3.0,261.0,47.505196,-0.606469,0.54,1567500.0,64.74266447559164,45.26
245,29/04/2022,Vente,186000.0,0,Maison,76.0,2.0,355.0,47.521106,-0.888011,0.82,1023000.0,20.973254082730893,28.99
246,06/05/2022,Vente,125000.0,0,Local industriel. commercial ou assimilé,480.0,0.0,1875.0,47.290877,-0.918358,0.64,687500.0,152.10574732729728,59.26
247,06/05/2022,Vente,490000.0,0,Maison,178.0,6.0,322.0,47.40917,-0.619854,0.81,2695000.0,94.7061276477991,61.12
248,05/05/2022,Vente,686219.5,0,Appartement,25.0,1.0,114.0,47.478057,-0.559506,0.69,3774207.25,14.996541449669735,24.31
249,05/05/2022,Vente,686219.5,0,Appartement,50.0,2.0,114.0,47.478057,-0.559506,0.69,3774207.25,14.996541449669735,24.31
250,05/05/2022,Vente,686219.5,0,Appartement,25.0,1.0,114.0,47.478057,-0.559506,0.69,3774207.25,14.996541449669735,24.31
251,05/05/2022,Vente,686219.5,0,Appartement,28.0,1.0,114.0,47.478057,-0.559506,0.69,3774207.25,14.996541449669735,24.31
252,05/05/2022,Vente,445000.0,0,Maison,110.0,5.0,452.0,47.514711,-0.583344,0.81,2447500.0,32.500562808879494,45.26
253,17/05/2022,Vente,140000.0,0,Maison,95.0,4.0,829.0,47.119546,-0.520614,0.71,770000.0,70.32017556676591,22.31
254,16/05/2022,Vente,63000.0,0,Maison,12.0,1.0,12.0,47.151544,-0.774557,0.57,346500.0,158.4975161199393,88.97
255,03/05/2022,Vente,142000.0,0,Maison,79.0,4.0,541.0,47.216491,-0.720738,0.68,781000.0,27.593570438031268,88.97
256,20/05/2022,Vente,105000.0,0,Maison,74.0,4.0,758.0,47.374119,-0.105745,0.82,577500.0,19.122721302016423,204.33
257,13/05/2022,Vente,325000.0,0,Maison,125.0,5.0,4260.0,47.200937,-0.092647,0.82,1787500.0,136.3169924355999,120.09
258,17/05/2022,Vente,120000.0,0,Maison,72.0,4.0,248.0,47.129112,-0.236114,0.83,660000.0,90.1295236663839,120.09
259,11/05/2022,Vente,100000.0,0,Maison,160.0,6.0,110.0,47.173087,-0.100669,0.82,550000.0,122.4227209915275,120.09
260,02/05/2022,Vente,290000.0,0,Maison,79.0,4.0,283.0,47.43958,-0.528564,0.75,1595000.0,31.684428868679547,52.03
261,06/05/2022,Vente,200010.0,0,Maison,96.0,5.0,1191.0,47.267716,-1.009411,0.51,1100055.0,76.19145682250534,59.26
262,06/05/2022,Vente,200010.0,0,Maison,96.0,5.0,322.0,47.267716,-1.009411,0.51,1100055.0,76.19145682250534,59.26
263,18/05/2022,Vente,80000.0,0,Maison,70.0,2.0,272.0,47.1952,-0.11616,0.81,440000.0,87.76560281037236,120.09
264,05/05/2022,Vente,60000.0,0,Maison,72.0,3.0,48.0,47.262078,-1.046077,0.7,330000.0,15.692099945318832,59.26
265,13/05/2022,Vente,169000.0,0,Maison,114.0,4.0,364.0,47.411126,-0.866988,0.83,929500.0,127.25080905178686,117.05
266,06/05/2022,Vente,205000.0,0,Maison,97.0,4.0,112.0,47.208258,-0.727305,0.61,1127500.0,15.01232008594213,88.97
267,23/05/2022,Vente,68000.0,0,Maison,50.0,1.0,886.0,47.44791,-0.062716,0.76,374000.0,283.43782917981196,204.33
268,13/05/2022,Vente,246750.0,0,Maison,125.0,4.0,700.0,47.388299,-0.114203,0.8,1357125.0,57.88918809846964,204.33
269,18/05/2022,Vente,395000.0,0,Maison,111.0,5.0,218.0,47.482311,-0.514534,0.82,2172500.0,25.922368686322667,24.31
270,02/05/2022,Vente,250000.0,0,Maison,135.0,4.0,597.0,47.457992,-0.794691,0.54,1375000.0,40.57505996063982,42.85
271,25/05/2022,Vente,490000.0,0,Appartement,25.0,2.0,54.0,47.475404,-0.562719,0.7,2695000.0,8.92992892239128,24.31
272,25/05/2022,Vente,490000.0,0,Appartement,30.0,2.0,54.0,47.475404,-0.562719,0.7,2695000.0,8.92992892239128,24.31
273,25/05/2022,Vente,490000.0,0,Appartement,25.0,1.0,54.0,47.475404,-0.562719,0.7,2695000.0,8.92992892239128,24.31
274,25/05/2022,Vente,490000.0,0,Appartement,30.0,2.0,41.0,47.475561,-0.562602,0.79,2695000.0,8.827907176244524,24.31
275,25/05/2022,Vente,490000.0,0,Local industriel. commercial ou assimilé,33.0,0.0,41.0,47.475561,-0.562602,0.79,2695000.0,8.827907176244524,24.31
276,25/05/2022,Vente,490000.0,0,Appartement,30.0,2.0,41.0,47.475561,-0.562602,0.79,2695000.0,8.827907176244524,24.31
277,03/05/2022,Vente,185000.0,0,Maison,80.0,4.0,700.0,47.464968,-0.891859,0.83,1017500.0,181.0160214223488,28.99
278,20/05/2022,Vente,75000.0,0,Appartement,57.0,2.0,355.0,47.138736,-0.154238,0.82,412500.0,40.54567939254801,120.09
279,20/05/2022,Vente,75000.0,0,Appartement,69.0,2.0,355.0,47.138736,-0.154238,0.82,412500.0,40.54567939254801,120.09
280,10/05/2022,Vente,247800.0,0,Maison,180.0,7.0,613.0,47.518552,-0.891162,0.59,1362900.0,32.24175926545546,28.99
281,13/05/2022,Vente,300000.0,0,Maison,93.0,5.0,207.0,47.486501,-0.516288,0.83,1650000.0,25.92596229631394,24.31
282,01/06/2022,Vente,1300000.0,0,Local industriel. commercial ou assimilé,600.0,0.0,2556.0,47.472806,-0.618151,0.81,7150000.0,52.1749173407325,25.12
283,06/05/2022,Vente,269000.0,0,Maison,95.0,3.0,1930.0,47.51699,-0.863362,0.57,1479500.0,49.193366973105874,28.99
284,06/05/2022,Vente,269000.0,0,Maison,95.0,3.0,2109.0,47.51699,-0.863362,0.57,1479500.0,49.193366973105874,28.99
285,06/05/2022,Vente,269000.0,0,Maison,95.0,3.0,1691.0,47.51699,-0.863362,0.57,1479500.0,49.193366973105874,28.99
286,20/05/2022,Vente,165000.0,0,Maison,82.0,4.0,268.0,47.729607,-0.51918,0.78,907500.0,181.51951011069465,69.03
287,30/05/2022,Vente,170000.0,0,Maison,90.0,3.0,355.0,47.603628,-0.468803,0.58,935000.0,59.20449713471459,74.72
288,20/05/2022,Vente,270000.0,0,Local industriel. commercial ou assimilé,400.0,0.0,4286.0,47.279197,-1.029604,0.69,1485000.0,68.11655819605764,59.26
289,24/05/2022,Vente,285000.0,0,Maison,97.0,5.0,205.0,47.443093,-0.61482,0.83,1567500.0,27.235096016601542,61.12
290,10/05/2022,Vente,900000.0,0,Maison,190.0,6.0,349.0,47.466159,-0.552099,0.79,4950000.0,35.61511008450187,24.31
291,20/05/2022,Vente,1175000.0,0,Maison,235.0,7.0,1254.0,47.486286,-0.59359,0.62,6462500.0,35.692692052498394,45.26
292,20/05/2022,Vente,1175000.0,0,Maison,235.0,7.0,576.0,47.486286,-0.59359,0.62,6462500.0,35.692692052498394,45.26
293,31/05/2022,Vente,322000.0,0,Maison,103.0,5.0,436.0,47.442369,-0.61233,0.84,1771000.0,24.07653353419822,61.12
294,01/06/2022,Vente,139442.0,0,Maison,95.0,5.0,771.0,47.523817,-0.211549,0.8,766931.0,109.96947027403297,103.91
295,16/05/2022,Vente,390000.0,0,Maison,158.0,7.0,573.0,47.427568,-0.606387,0.82,2145000.0,44.715408549199516,61.12
296,01/06/2022,Vente,290000.0,0,Maison,92.0,5.0,230.0,47.487263,-0.559606,0.82,1595000.0,28.806212639957728,24.31
297,23/05/2022,Vente,344000.0,0,Maison,96.0,4.0,418.0,47.485105,-0.521153,0.75,1892000.0,26.037500507413935,24.31
298,17/05/2022,Vente,92000.0,0,Maison,60.0,2.0,1065.0,47.171871,-0.467431,0.59,506000.0,176.39839958939982,22.31
299,24/05/2022,Vente,448500.0,0,Maison,147.0,7.0,350.0,47.438838,-0.487377,0.75,2466750.0,37.48530140091354,52.03
300,03/06/2022,Vente,730000.0,0,Maison,150.0,5.0,249.0,47.437806,-0.524492,0.82,4015000.0,27.591190962426897,52.03
301,03/06/2022,Vente,226900.0,0,Maison,96.0,5.0,276.0,47.481851,-0.513738,0.82,1247950.0,29.381335979111416,24.31
302,10/06/2022,Vente,1680000.0,0,Local industriel. commercial ou assimilé,2296.0,0.0,5400.0,47.234291,-0.717502,0.71,9240000.0,92.2412125365315,88.97
303,10/06/2022,Vente,1680000.0,0,Local industriel. commercial ou assimilé,1159.0,0.0,2440.0,47.233408,-0.71927,0.64,9240000.0,86.11104609947782,88.97
304,09/06/2022,Vente,130000.0,0,Maison,65.0,3.0,1741.0,47.708919,-0.564889,0.55,715000.0,225.2841521834291,69.03
305,25/05/2022,Vente,516000.0,0,Maison,110.0,3.0,449.0,47.485198,-0.581499,0.82,2838000.0,23.215514196056112,24.31
306,25/05/2022,Vente,280000.0,0,Appartement,50.0,2.0,188.0,47.466537,-0.558362,0.77,1540000.0,30.5734107005121,24.31
307,23/05/2022,Vente,195000.0,0,Maison,163.0,5.0,8289.0,47.202495,-0.795166,0.54,1072500.0,168.1130205664063,88.97
308,23/05/2022,Vente,195000.0,0,Maison,28.0,1.0,8289.0,47.202495,-0.795166,0.54,1072500.0,168.1130205664063,88.97
309,18/05/2022,Vente,200000.0,0,Maison,74.0,3.0,442.0,47.456736,-0.798819,0.82,1100000.0,40.08442911787782,42.85
310,30/05/2022,Vente,200000.0,0,Maison,100.0,4.0,529.0,47.603628,-0.468803,0.64,1100000.0,59.20449713471459,74.72
311,01/06/2022,Vente,106500.0,0,Maison,54.0,3.0,107.0,47.555134,-0.232407,0.74,585750.0,31.51993520835248,103.91
312,10/06/2022,Vente,343000.0,0,Maison,122.0,7.0,451.0,47.424982,-0.611538,0.79,1886500.0,53.84808358974418,61.12
313,10/06/2022,Vente,485000.0,0,Maison,166.0,8.0,753.0,47.580974,-0.388921,0.51,2667500.0,129.17222851632573,103.91
314,10/06/2022,Vente,485000.0,0,Maison,166.0,8.0,1500.0,47.580974,-0.388921,0.51,2667500.0,129.17222851632573,103.91
315,30/05/2022,Vente,230000.0,0,Maison,92.0,4.0,416.0,47.404724,-0.927546,0.82,1265000.0,115.75940182232232,117.05
316,17/05/2022,Vente,312000.0,0,Maison,119.0,4.0,72.0,47.470159,-0.557776,0.77,1716000.0,31.24851564982426,24.31
317,30/05/2022,Vente,330000.0,0,Local industriel. commercial ou assimilé,229.0,0.0,274.0,47.505233,-0.58792,0.78,1815000.0,20.374218444740887,45.26
318,30/05/2022,Vente,330000.0,0,Maison,129.0,6.0,274.0,47.505233,-0.58792,0.78,1815000.0,20.374218444740887,45.26
319,03/06/2022,Vente,160000.0,0,Maison,80.0,3.0,112.0,47.629441,-0.714711,0.81,880000.0,8.725446085110738,41.84
320,09/06/2022,Vente,30000.0,0,Local industriel. commercial ou assimilé,730.0,0.0,2970.0,47.516968,-0.609596,0.8,165000.0,52.6723825199595,45.26
321,18/05/2022,Vente,20000.0,0,Maison,30.0,1.0,151.0,47.156983,-0.024969,0.8,110000.0,333.3548885253652,120.09
322,10/06/2022,Vente,205000.0,0,Maison,69.0,3.0,682.0,47.364452,-0.035967,0.78,1127500.0,128.01174368813943,204.33
323,14/06/2022,Vente,600000.0,0,Maison,130.0,6.0,112.0,47.47224,-0.536155,0.79,3300000.0,15.821466176941538,24.31
324,23/05/2022,Vente,273000.0,0,Maison,89.0,5.0,1250.0,47.536996,-0.425849,0.78,1501500.0,57.16786094233863,103.91
325,23/05/2022,Vente,273000.0,0,Maison,89.0,5.0,700.0,47.536996,-0.425849,0.78,1501500.0,57.16786094233863,103.91
326,18/05/2022,Vente,420000.0,0,Local industriel. commercial ou assimilé,94.0,0.0,50.0,47.472578,-0.551897,0.64,2310000.0,7.739129273586698,24.31
327,07/06/2022,Vente,453650.0,0,Maison,137.0,5.0,517.0,47.496609,-0.592015,0.73,2495075.0,41.94564146921989,45.26
328,18/05/2022,Vente,200000.0,0,Maison,87.0,5.0,174.0,47.437363,-0.525131,0.76,1100000.0,27.967380465174156,52.03
329,15/06/2022,Vente,300000.0,0,Maison,103.0,5.0,700.0,47.592349,-0.454682,0.79,1650000.0,66.801277599649,103.91
330,15/06/2022,Vente,300000.0,0,Maison,103.0,5.0,4000.0,47.592349,-0.454682,0.79,1650000.0,66.801277599649,103.91
331,24/05/2022,Vente,275000.0,0,Maison,146.0,7.0,952.0,47.456938,-0.795166,0.78,1512500.0,40.129811007087405,42.85
332,24/05/2022,Vente,30000.0,0,Maison,40.0,2.0,382.0,47.225139,-1.05859,0.63,165000.0,142.11257046047822,59.26
333,09/06/2022,Vente,130000.0,0,Maison,118.0,4.0,52.0,47.555717,-0.804859,0.73,715000.0,31.82123076739846,41.84
334,24/05/2022,Vente,305000.0,0,Maison,99.0,4.0,644.0,47.408548,-0.766922,0.84,1677500.0,30.48817948716124,42.85
335,31/05/2022,Vente,225000.0,0,Maison,116.0,6.0,953.0,47.151044,-0.736408,0.69,1237500.0,199.61822372946617,88.97
336,17/06/2022,Vente,142500.0,0,Maison,87.0,5.0,423.0,47.40766,-0.92769,0.84,783750.0,123.82928445815917,117.05
337,30/05/2022,Vente,495000.0,0,Maison,214.0,6.0,1000.0,47.606602,-0.401048,0.75,2722500.0,150.83302654763744,103.91
338,30/05/2022,Vente,495000.0,0,Maison,214.0,6.0,500.0,47.606602,-0.401048,0.75,2722500.0,150.83302654763744,103.91
339,09/06/2022,Vente,175500.0,0,Local industriel. commercial ou assimilé,950.0,0.0,9000.0,47.290201,-0.909542,0.53,965250.0,157.2942536738259,59.26
340,03/06/2022,Vente,35000.0,0,Maison,56.0,2.0,240.0,47.200091,-0.427679,0.66,192500.0,118.07945700147593,22.31
341,03/06/2022,Vente,450000.0,0,Maison,125.0,4.0,365.0,47.473181,-0.545766,0.46,2475000.0,22.64451463437127,24.31
342,08/06/2022,Vente,110000.0,0,Local industriel. commercial ou assimilé,200.0,0.0,99.0,47.215512,-0.722676,0.71,605000.0,27.801024198559183,88.97
343,02/06/2022,Vente,225000.0,0,Maison,294.0,6.0,361.0,47.131833,-0.152827,0.81,1237500.0,29.592181136250748,120.09
344,02/06/2022,Vente,167300.0,0,Maison,141.0,5.0,537.0,47.378126,-0.097107,0.75,920150.0,45.41196898999103,204.33
345,02/06/2022,Vente,167300.0,0,Maison,141.0,5.0,889.0,47.378126,-0.097107,0.75,920150.0,45.41196898999103,204.33
346,15/06/2022,Vente,193050.0,0,Maison,92.0,5.0,31.0,47.489854,-0.578158,0.81,1061775.0,34.73328323560458,24.31
347,02/06/2022,Vente,253500.0,0,Maison,180.0,7.0,1315.0,47.578379,-0.322341,0.42,1394250.0,115.37393759700102,103.91
348,03/06/2022,Vente,55000.0,0,Maison,50.0,3.0,247.0,47.610499,-0.309581,0.72,302500.0,126.33296126850234,103.91
349,17/06/2022,Vente,252000.0,0,Maison,81.0,2.0,700.0,47.564982,-0.785569,0.67,1386000.0,114.39160759505945,41.84
350,17/06/2022,Vente,252000.0,0,Maison,81.0,2.0,500.0,47.564982,-0.785569,0.67,1386000.0,114.39160759505945,41.84
351,03/06/2022,Vente,326000.0,0,Maison,95.0,5.0,465.0,47.42558,-0.554201,0.76,1793000.0,70.05257014561187,52.03
352,17/06/2022,Vente,175000.0,0,Maison,109.0,4.0,578.0,47.141536,-0.537142,0.82,962500.0,19.197144731697836,22.31
353,01/06/2022,Vente,256000.0,0,Maison,80.0,4.0,1788.0,47.372934,-0.694024,0.82,1408000.0,89.85602411669976,42.85
354,01/06/2022,Vente,256000.0,0,Maison,80.0,4.0,600.0,47.372934,-0.694024,0.82,1408000.0,89.85602411669976,42.85
355,03/06/2022,Vente,162300.0,0,Maison,86.0,4.0,708.0,47.136179,-0.538411,0.82,892650.0,45.34956870085959,22.31
356,16/06/2022,Vente,219392.0,0,Maison,94.0,4.0,962.0,47.598374,-0.837123,0.81,1206656.0,77.04884779786941,41.84
357,03/06/2022,Vente,127881.0,0,Maison,84.0,4.0,416.0,47.579841,-0.256909,0.83,703345.5,135.4308622802412,103.91
358,21/06/2022,Vente,288000.0,0,Maison,109.0,6.0,327.0,47.484677,-0.530002,0.8,1584000.0,28.39902630004144,24.31
359,22/06/2022,Vente,420000.0,0,Maison,155.0,4.0,640.0,47.605524,-0.68312,0.8,2310000.0,157.61914693984394,41.84
360,22/06/2022,Vente,420000.0,0,Maison,155.0,4.0,1120.0,47.605524,-0.68312,0.8,2310000.0,157.61914693984394,41.84
361,03/06/2022,Vente,120000.0,0,Maison,68.0,4.0,177.0,47.376906,-0.109563,0.66,660000.0,20.250453402309002,204.33
362,15/06/2022,Vente,85000.0,0,Maison,55.0,4.0,48.0,47.206258,-0.727537,0.7,467500.0,19.433388577359242,88.97
363,22/06/2022,Vente,85000.0,0,Local industriel. commercial ou assimilé,150.0,0.0,235.0,47.680601,-0.487647,0.67,467500.0,22.947984026011117,69.03
364,20/06/2022,Vente,140000.0,0,Maison,94.0,4.0,500.0,47.379057,-0.087626,0.7,770000.0,79.68344520356567,204.33
365,20/06/2022,Vente,140000.0,0,Maison,94.0,4.0,1871.0,47.379057,-0.087626,0.7,770000.0,79.68344520356567,204.33
366,21/06/2022,Vente,88000.0,0,Maison,89.0,4.0,312.0,47.559587,-0.814577,0.73,484000.0,60.390884704448816,41.84
367,21/06/2022,Vente,330000.0,0,Maison,93.0,5.0,517.0,47.472708,-0.630099,0.79,1815000.0,54.80847908664454,25.12
368,21/06/2022,Vente,127000.0,0,Local industriel. commercial ou assimilé,81.0,0.0,673.0,47.677315,-0.49434,0.63,698500.0,27.87792367757153,69.03
369,21/06/2022,Vente,200000.0,0,Local industriel. commercial ou assimilé,130.0,0.0,220.0,47.425081,-0.564595,0.75,1100000.0,73.78866534006505,52.03
370,21/06/2022,Vente,200000.0,0,Local industriel. commercial ou assimilé,70.0,0.0,220.0,47.425081,-0.564595,0.75,1100000.0,73.78866534006505,52.03
371,01/06/2022,Vente,54282.0,0,Maison,70.0,3.0,148.0,47.212086,-0.594879,0.69,298551.0,148.14070499539076,88.97
372,17/06/2022,Vente,135000.0,0,Maison,85.0,2.0,1350.0,47.381444,-0.659878,0.42,742500.0,23.266209902833264,42.85
373,28/06/2022,Vente,290000.0,0,Maison,92.0,4.0,739.0,47.480023,-0.316487,0.78,1595000.0,111.46814199745309,103.91
374,28/06/2022,Vente,290000.0,0,Maison,92.0,4.0,3154.0,47.480023,-0.316487,0.78,1595000.0,111.46814199745309,103.91
375,21/06/2022,Vente,165000.0,0,Maison,74.0,3.0,484.0,47.145544,-0.695754,0.61,907500.0,107.90924187524504,88.97
376,24/06/2022,Vente,28000.0,0,Local industriel. commercial ou assimilé,100.0,0.0,90.0,47.310579,-0.961973,0.59,154000.0,181.00595956543717,59.26
377,24/06/2022,Vente,28000.0,0,Maison,118.0,8.0,90.0,47.310579,-0.961973,0.59,154000.0,181.00595956543717,59.26
378,22/06/2022,Vente,305000.0,0,Maison,110.0,3.0,2726.0,47.647294,-0.428409,0.72,1677500.0,71.81460603173828,74.72
379,22/06/2022,Vente,305000.0,0,Maison,30.0,1.0,2726.0,47.647294,-0.428409,0.72,1677500.0,71.81460603173828,74.72
380,28/06/2022,Vente,550500.0,0,Maison,55.0,5.0,211.0,47.477107,-0.536283,0.81,3027750.0,13.829065391655236,24.31
381,03/06/2022,Vente,420000.0,0,Maison,117.0,5.0,465.0,47.468692,-0.636758,0.81,2310000.0,70.43392570210136,25.12
382,09/06/2022,Vente,220000.0,0,Maison,113.0,4.0,443.0,47.521103,-0.888726,0.82,1210000.0,21.831139743024167,28.99
383,17/06/2022,Vente,180000.0,0,Maison,104.0,5.0,630.0,47.508456,-0.987269,0.68,990000.0,189.8235632667921,28.99
384,17/06/2022,Vente,180000.0,0,Maison,104.0,5.0,500.0,47.508456,-0.987269,0.68,990000.0,189.8235632667921,28.99
385,15/06/2022,Vente,225000.0,0,Maison,92.0,4.0,421.0,47.501244,-0.801465,0.82,1237500.0,17.694048513031603,28.99
386,29/06/2022,Vente,230000.0,0,Maison,130.0,5.0,745.0,47.630624,-0.804376,0.82,1265000.0,205.63095219670254,41.84
387,28/06/2022,Vente,445000.0,0,Appartement,15.0,1.0,62.0,47.474234,-0.551277,0.78,2447500.0,0.7783925314272744,24.31
388,28/06/2022,Vente,445000.0,0,Appartement,25.0,2.0,62.0,47.474234,-0.551277,0.78,2447500.0,0.7783925314272744,24.31
389,28/06/2022,Vente,445000.0,0,Appartement,10.0,1.0,62.0,47.474234,-0.551277,0.78,2447500.0,0.7783925314272744,24.31
390,28/06/2022,Vente,445000.0,0,Appartement,15.0,1.0,62.0,47.474234,-0.551277,0.78,2447500.0,0.7783925314272744,24.31
391,28/06/2022,Vente,445000.0,0,Appartement,15.0,1.0,62.0,47.474234,-0.551277,0.78,2447500.0,0.7783925314272744,24.31
392,28/06/2022,Vente,445000.0,0,Appartement,17.0,1.0,62.0,47.474234,-0.551277,0.78,2447500.0,0.7783925314272744,24.31
393,28/06/2022,Vente,445000.0,0,Appartement,13.0,1.0,62.0,47.474234,-0.551277,0.78,2447500.0,0.7783925314272744,24.31
394,28/06/2022,Vente,445000.0,0,Appartement,16.0,1.0,62.0,47.474234,-0.551277,0.78,2447500.0,0.7783925314272744,24.31
395,28/06/2022,Vente,445000.0,0,Appartement,16.0,1.0,62.0,47.474234,-0.551277,0.78,2447500.0,0.7783925314272744,24.31
396,29/06/2022,Vente,229000.0,0,Maison,85.0,4.0,300.0,47.500945,-0.58942,0.8,1259500.0,27.734723311243354,45.26
397,22/06/2022,Vente,310000.0,0,Maison,150.0,6.0,1174.0,47.200868,-1.058839,0.73,1705000.0,174.04383609359823,59.26
398,29/06/2022,Vente,460000.0,0,Local industriel. commercial ou assimilé,490.0,0.0,500.0,47.582828,-0.345527,0.75,2530000.0,48.340767584740036,103.91
399,29/06/2022,Vente,460000.0,0,Local industriel. commercial ou assimilé,140.0,0.0,500.0,47.582828,-0.345527,0.75,2530000.0,48.340767584740036,103.91
400,29/06/2022,Vente,460000.0,0,Local industriel. commercial ou assimilé,140.0,0.0,1995.0,47.582828,-0.345527,0.75,2530000.0,48.340767584740036,103.91
401,29/06/2022,Vente,460000.0,0,Local industriel. commercial ou assimilé,490.0,0.0,1995.0,47.582828,-0.345527,0.75,2530000.0,48.340767584740036,103.91
402,23/06/2022,Vente,480000.0,0,Maison,131.0,5.0,500.0,47.485306,-0.585101,0.78,2640000.0,22.546531303378842,45.26
403,23/06/2022,Vente,480000.0,0,Maison,131.0,5.0,818.0,47.485306,-0.585101,0.78,2640000.0,22.546531303378842,45.26
404,29/06/2022,Vente,65000.0,0,Appartement,44.0,2.0,47.0,47.145269,-0.537582,0.82,357500.0,12.001303451954554,22.31
405,29/06/2022,Vente,65000.0,0,Maison,82.0,4.0,226.0,47.145183,-0.537494,0.82,357500.0,11.640811139582388,22.31
406,21/06/2022,Vente,200000.0,0,Local industriel. commercial ou assimilé,24.0,0.0,63.0,47.211699,-0.730829,0.71,1100000.0,22.068027896985814,88.97
407,21/06/2022,Vente,200000.0,0,Maison,108.0,4.0,63.0,47.211699,-0.730829,0.71,1100000.0,22.068027896985814,88.97
408,30/06/2022,Vente,630000.0,0,Maison,205.0,7.0,500.0,47.429473,-0.706034,0.83,3465000.0,95.46012543547779,42.85
409,30/06/2022,Vente,630000.0,0,Maison,205.0,7.0,790.0,47.429473,-0.706034,0.83,3465000.0,95.46012543547779,42.85
410,21/06/2022,Vente,116000.0,0,Maison,80.0,4.0,810.0,47.136489,-0.202267,0.83,638000.0,120.54992357814791,120.09
411,23/06/2022,Vente,128500.0,0,Maison,78.0,3.0,99.0,47.21281,-0.730409,0.66,706750.0,24.728577812671926,88.97
412,27/06/2022,Vente,290000.0,0,Maison,116.0,5.0,341.0,47.476674,-0.353657,0.61,1595000.0,44.70702948211429,103.91
413,30/06/2022,Vente,590000.0,0,Maison,157.0,5.0,401.0,47.51375,-0.590734,0.78,3245000.0,28.50785184602423,45.26
414,27/06/2022,Vente,123000.0,0,Maison,160.0,7.0,861.0,47.117874,-0.366332,0.64,676500.0,223.44812268757525,22.31
415,30/06/2022,Vente,315000.0,0,Maison,160.0,8.0,673.0,47.379488,-0.113656,0.83,1732500.0,28.27153461605965,204.33
416,29/06/2022,Vente,265000.0,0,Maison,114.0,5.0,492.0,47.370858,-0.704998,0.82,1457500.0,93.68410719497524,42.85
417,30/06/2022,Vente,260000.0,0,Maison,98.0,5.0,1335.0,47.581569,-0.321762,0.72,1430000.0,114.4541765395952,103.91
418,30/06/2022,Vente,260000.0,0,Maison,98.0,5.0,500.0,47.581569,-0.321762,0.72,1430000.0,114.4541765395952,103.91
419,27/06/2022,Vente,232000.0,0,Maison,100.0,5.0,121.0,47.568152,-0.420151,0.84,1276000.0,86.2683314737653,103.91
420,27/06/2022,Vente,332000.0,0,Maison,150.0,4.0,767.0,47.558281,-0.2422,0.81,1826000.0,59.05951283095801,103.91
421,27/06/2022,Vente,200000.0,0,Maison,75.0,3.0,39.0,47.474781,-0.633204,0.78,1100000.0,57.466026984916795,25.12
422,03/01/2022,Vente,328500.0,0,Appartement,15.0,1.0,308.0,47.44336,-0.611633,0.8,1806750.0,20.6918666577052,61.12
423,03/01/2022,Vente,328500.0,0,Appartement,10.0,1.0,308.0,47.44336,-0.611633,0.8,1806750.0,20.6918666577052,61.12
424,03/01/2022,Vente,328500.0,0,Appartement,17.0,1.0,308.0,47.44336,-0.611633,0.8,1806750.0,20.6918666577052,61.12
425,03/01/2022,Vente,328500.0,0,Appartement,131.0,5.0,308.0,47.44336,-0.611633,0.8,1806750.0,20.6918666577052,61.12
426,03/01/2022,Vente,270000.0,0,Maison,37.0,1.0,54.0,47.521827,-0.892206,0.84,1485000.0,31.602494436821804,28.99
427,03/01/2022,Vente,270000.0,0,Maison,150.0,5.0,553.0,47.521827,-0.892206,0.84,1485000.0,31.602494436821804,28.99
428,03/01/2022,Vente,180000.0,0,Maison,126.0,4.0,1741.0,47.427995,-0.690787,0.7,990000.0,112.51022576487634,42.85
429,05/01/2022,Vente,225550.0,0,Maison,80.0,4.0,2130.0,47.479199,-0.870021,0.67,1240525.0,183.7228762801968,28.99
430,07/01/2022,Vente,320351.0,0,Maison,95.0,4.0,245.0,47.489034,-0.576522,0.81,1761930.5,33.970156306968846,24.31
431,06/01/2022,Vente,205000.0,0,Maison,100.0,4.0,577.0,47.524952,-0.883392,0.77,1127500.0,34.05074308972012,28.99
432,06/01/2022,Vente,280000.0,0,Maison,90.0,4.0,354.0,47.485717,-0.560714,0.7,1540000.0,21.423969545158055,24.31
433,06/01/2022,Vente,280000.0,0,Maison,25.0,1.0,354.0,47.485717,-0.560714,0.7,1540000.0,21.423969545158055,24.31
434,05/01/2022,Vente,293600.0,0,Maison,90.0,3.0,996.0,47.5487,-0.873425,0.5,1614800.0,170.49931575109602,28.99
435,06/01/2022,Vente,219000.0,0,Maison,113.0,5.0,655.0,47.464912,-0.897742,0.84,1204500.0,188.33359630616945,28.99
436,06/01/2022,Vente,180000.0,0,Maison,93.0,3.0,398.0,47.51676,-0.882399,0.58,990000.0,37.77951286709205,28.99
437,10/01/2022,Vente,280000.0,0,Maison,70.0,4.0,216.0,47.502089,-0.586244,0.79,1540000.0,25.28842471616813,45.26
438,11/01/2022,Vente,220000.0,0,Local industriel. commercial ou assimilé,12.0,0.0,3235.0,47.517268,-0.869161,0.69,1210000.0,35.616655915624364,28.99
439,11/01/2022,Vente,220000.0,0,Appartement,47.0,3.0,3235.0,47.517268,-0.869161,0.69,1210000.0,35.616655915624364,28.99
440,11/01/2022,Vente,220000.0,0,Local industriel. commercial ou assimilé,12.0,0.0,2000.0,47.517268,-0.869161,0.69,1210000.0,35.616655915624364,28.99
441,11/01/2022,Vente,220000.0,0,Appartement,47.0,3.0,2000.0,47.517268,-0.869161,0.69,1210000.0,35.616655915624364,28.99
442,11/01/2022,Vente,244000.0,0,Maison,93.0,4.0,511.0,47.527731,-0.749384,0.72,1342000.0,98.3208452868265,28.99
443,06/01/2022,Vente,125500.0,0,Maison,60.0,4.0,735.0,47.406077,-0.766062,0.54,690250.0,24.31827921100053,42.85
444,06/01/2022,Vente,125500.0,0,Maison,60.0,4.0,875.0,47.406077,-0.766062,0.54,690250.0,24.31827921100053,42.85
445,11/01/2022,Vente,250000.0,0,Maison,85.0,5.0,484.0,47.504924,-0.803154,0.83,1375000.0,28.59815694798732,28.99
446,11/01/2022,Vente,155000.0,0,Maison,70.0,4.0,751.0,47.401966,-0.922559,0.6,852500.0,106.47663374162629,117.05
447,11/01/2022,Vente,155000.0,0,Maison,70.0,4.0,632.0,47.401966,-0.922559,0.6,852500.0,106.47663374162629,117.05
448,11/01/2022,Vente,132000.0,0,Maison,46.0,1.0,153.0,47.385451,-0.731128,0.68,726000.0,184.87463880754444,42.85
449,11/01/2022,Vente,30000.0,0,Maison,55.0,2.0,118.0,47.436057,-0.678149,0.64,165000.0,132.09078598765208,42.85
450,17/01/2022,Vente,482000.0,0,Maison,124.0,6.0,614.0,47.487089,-0.571726,0.82,2651000.0,37.46330667501834,24.31
451,20/01/2022,Vente,450000.0,0,Maison,158.0,6.0,618.0,47.427315,-0.607765,0.81,2475000.0,44.2817721085186,61.12
452,20/01/2022,Vente,638000.0,1,Maison,170.0,7.0,500.0,47.451952,-0.60399,0.8,3509000.0,39.37023844426981,61.12
453,20/01/2022,Vente,638000.0,1,Maison,170.0,7.0,840.0,47.451952,-0.60399,0.8,3509000.0,39.37023844426981,61.12
454,03/01/2022,Vente,263400.0,0,Maison,92.0,4.0,266.0,47.482658,-0.689884,0.84,1448700.0,135.5915124180904,25.12
455,07/01/2022,Vente,180180.0,0,Maison,72.0,3.0,102.0,47.501864,-0.579426,0.8,990990.0,36.97791044572428,45.26
456,21/01/2022,Vente,240000.0,0,Maison,120.0,2.0,63.0,47.525635,-0.745942,0.83,1320000.0,95.24481983995204,28.99
457,21/01/2022,Vente,610000.0,0,Maison,199.0,6.0,500.0,47.405461,-0.62747,0.76,3355000.0,112.31017939388548,61.12
458,21/01/2022,Vente,610000.0,0,Maison,199.0,6.0,560.0,47.405461,-0.62747,0.76,3355000.0,112.31017939388548,61.12
459,20/01/2022,Vente,463769.0,0,Maison,164.0,5.0,449.0,47.406077,-0.766062,0.54,2550729.5,24.31827921100053,42.85
460,03/01/2022,Vente,650000.0,0,Local industriel. commercial ou assimilé,112.0,0.0,120.0,47.472917,-0.561587,0.8,3575000.0,16.92549604637333,24.31
461,03/01/2022,Vente,650000.0,0,Maison,158.0,6.0,120.0,47.472917,-0.561587,0.8,3575000.0,16.92549604637333,24.31
462,06/01/2022,Vente,100000.0,0,Maison,50.0,3.0,248.0,47.217414,-0.60713,0.7,550000.0,154.72925386915313,88.97
463,12/01/2022,Vente,358900.0,0,Maison,108.0,5.0,836.0,47.495106,-0.588826,0.8,1973950.0,38.87311245017153,45.26
464,13/01/2022,Vente,176000.0,0,Maison,87.0,4.0,632.0,47.417265,-0.867067,0.83,968000.0,145.62744623024432,117.05
465,12/01/2022,Vente,290000.0,0,Maison,87.0,1.0,575.0,47.506153,-0.596114,0.72,1595000.0,41.27178056778007,45.26
466,10/01/2022,Vente,320000.0,0,Maison,96.0,5.0,584.0,47.481403,-0.683918,0.85,1760000.0,139.71677709973704,25.12
467,13/01/2022,Vente,259000.0,0,Maison,130.0,5.0,447.0,47.522759,-0.748667,0.78,1424500.0,91.67535555996118,28.99
468,07/01/2022,Vente,183447.0,0,Maison,71.0,3.0,105.0,47.502012,-0.579867,0.8,1008958.5,35.36324815003014,45.26
469,18/01/2022,Vente,138500.0,0,Maison,182.0,6.0,1000.0,47.504548,-0.892207,0.63,761750.0,84.82004704749184,28.99
470,18/01/2022,Vente,138500.0,0,Maison,182.0,6.0,1812.0,47.504548,-0.892207,0.63,761750.0,84.82004704749184,28.99
471,14/01/2022,Vente,300000.0,0,Maison,85.0,3.0,207.0,47.50717,-0.58996,0.78,1650000.0,24.149752302908446,45.26
472,28/01/2022,Vente,630000.0,0,Maison,162.0,5.0,289.0,47.450201,-0.595888,0.82,3465000.0,47.91051127078173,61.12
473,28/01/2022,Vente,630000.0,0,Maison,162.0,5.0,1110.0,47.450201,-0.595888,0.82,3465000.0,47.91051127078173,61.12
474,28/01/2022,Vente,630000.0,0,Maison,162.0,5.0,558.0,47.450201,-0.595888,0.82,3465000.0,47.91051127078173,61.12
475,20/01/2022,Vente,210000.0,0,Local industriel. commercial ou assimilé,264.0,0.0,921.0,47.524653,-0.744918,0.7,1155000.0,97.1333895147108,28.99
476,20/01/2022,Vente,375000.0,0,Maison,70.0,3.0,650.0,47.486508,-0.563539,0.77,2062500.0,22.578317759889288,24.31
477,19/01/2022,Vente,315000.0,0,Maison,102.0,5.0,123.0,47.486534,-0.573211,0.8,1732500.0,34.37028081206359,24.31
478,31/01/2022,Vente,490000.0,0,Maison,150.0,5.0,333.0,47.513849,-0.590087,0.78,2695000.0,27.465908446568207,45.26
479,17/01/2022,Vente,565000.0,0,Maison,173.0,5.0,442.0,47.515889,-0.588805,0.82,3107500.0,31.772074101785087,45.26
480,31/01/2022,Vente,251000.0,0,Maison,80.0,4.0,200.0,47.436057,-0.678149,0.64,1380500.0,132.09078598765208,42.85
481,10/01/2022,Vente,448000.0,0,Maison,174.0,7.0,705.0,47.48538,-0.585324,0.78,2464000.0,22.961924352963752,45.26
482,02/02/2022,Vente,207850.0,0,Maison,180.0,6.0,490.0,47.451632,-0.612684,0.83,1143175.0,39.287264044677926,61.12
483,24/01/2022,Vente,197000.0,0,Maison,87.0,4.0,559.0,47.465576,-0.892521,0.83,1083500.0,179.49225378052944,28.99
484,21/01/2022,Vente,255000.0,0,Maison,97.0,5.0,210.0,47.442967,-0.615064,0.83,1402500.0,28.3699049811067,61.12
485,31/01/2022,Vente,185000.0,0,Maison,75.0,4.0,589.0,47.501103,-0.798198,0.73,1017500.0,25.07472424568496,28.99
486,27/01/2022,Vente,285000.0,0,Maison,78.0,4.0,229.0,47.503952,-0.591835,0.81,1567500.0,27.530685762798335,45.26
487,28/01/2022,Vente,200000.0,0,Maison,104.0,6.0,872.0,47.50235,-0.806356,0.83,1100000.0,32.53495958112133,28.99
488,01/02/2022,Vente,188000.0,0,Maison,94.0,5.0,430.0,47.458011,-0.794509,0.77,1034000.0,41.006125188263866,42.85
489,07/02/2022,Vente,1400000.0,0,Local industriel. commercial ou assimilé,380.0,0.0,2400.0,47.47325,-0.60924,0.8,7700000.0,33.37763085389196,25.12
490,07/02/2022,Vente,1400000.0,0,Local industriel. commercial ou assimilé,12.0,0.0,2400.0,47.47325,-0.60924,0.8,7700000.0,33.37763085389196,25.12
491,07/02/2022,Vente,1400000.0,0,Local industriel. commercial ou assimilé,37.0,0.0,2400.0,47.47325,-0.60924,0.8,7700000.0,33.37763085389196,25.12
492,07/02/2022,Vente,1400000.0,0,Local industriel. commercial ou assimilé,157.0,0.0,2400.0,47.47325,-0.60924,0.8,7700000.0,33.37763085389196,25.12
493,07/02/2022,Vente,1400000.0,0,Local industriel. commercial ou assimilé,93.0,0.0,2400.0,47.47325,-0.60924,0.8,7700000.0,33.37763085389196,25.12
494,04/02/2022,Vente,390000.0,0,Appartement,24.0,1.0,562.0,47.482452,-0.563171,0.8,2145000.0,16.146138189309685,24.31
495,04/02/2022,Vente,390000.0,0,Appartement,20.0,1.0,562.0,47.482452,-0.563171,0.8,2145000.0,16.146138189309685,24.31
496,04/02/2022,Vente,390000.0,0,Appartement,24.0,1.0,562.0,47.482452,-0.563171,0.8,2145000.0,16.146138189309685,24.31
497,04/02/2022,Vente,390000.0,0,Appartement,21.0,1.0,562.0,47.482452,-0.563171,0.8,2145000.0,16.146138189309685,24.31
498,27/01/2022,Vente,180000.0,0,Maison,82.0,4.0,206.0,47.459426,-0.711345,0.84,990000.0,70.71104120836253,42.85
499,01/02/2022,Vente,1050000.0,0,Local industriel. commercial ou assimilé,3317.0,0.0,9522.0,47.466667,-0.629922,0.69,5775000.0,65.73700032327133,25.12
500,25/01/2022,Vente,350000.0,0,Local industriel. commercial ou assimilé,660.0,0.0,1512.0,47.464288,-0.66206,0.79,1925000.0,145.7573757106661,42.85
501,28/01/2022,Vente,90000.0,0,Maison,74.0,3.0,1070.0,47.241888,-0.624339,0.64,495000.0,208.99500547441573,88.97
502,02/02/2022,Vente,250000.0,0,Maison,70.0,4.0,212.0,47.502157,-0.586744,0.79,1375000.0,25.121646622337163,45.26
503,10/02/2022,Vente,120000.0,0,Maison,85.0,4.0,210.0,47.498232,-0.801118,0.82,660000.0,26.059927629172936,28.99
504,08/02/2022,Vente,495000.0,0,Maison,170.0,5.0,319.0,47.430266,-0.713199,0.76,2722500.0,114.81502453454782,42.85
505,22/02/2022,Vente,95000.0,0,Maison,85.0,5.0,515.0,47.23778,-0.583315,0.67,522500.0,131.33580543173713,88.97
506,22/02/2022,Vente,95000.0,0,Maison,85.0,5.0,653.0,47.23778,-0.583315,0.67,522500.0,131.33580543173713,88.97
507,10/02/2022,Vente,140400.0,0,Maison,74.0,4.0,52.0,47.524798,-0.746059,0.83,772200.0,93.82067767961506,28.99
508,01/02/2022,Vente,500000.0,0,Local industriel. commercial ou assimilé,510.0,0.0,2422.0,47.470502,-0.61847,0.81,2750000.0,53.26485937082188,25.12
509,03/02/2022,Vente,179000.0,0,Maison,102.0,6.0,624.0,47.417491,-0.866491,0.83,984500.0,146.08369233824612,117.05
510,04/02/2022,Vente,329710.0,0,Maison,160.0,7.0,1500.0,47.456548,-0.798266,0.7,1813405.0,38.88352600113984,42.85
511,04/02/2022,Vente,329710.0,0,Maison,160.0,7.0,500.0,47.456548,-0.798266,0.7,1813405.0,38.88352600113984,42.85
512,17/02/2022,Vente,250000.0,0,Maison,113.0,6.0,860.0,47.406077,-0.766062,0.54,1375000.0,24.31827921100053,42.85
513,01/02/2022,Vente,400000.0,0,Maison,114.0,6.0,448.0,47.483465,-0.580162,0.7,2200000.0,22.98948473633152,24.31
514,01/02/2022,Vente,310000.0,0,Maison,72.0,4.0,262.0,47.493309,-0.585537,0.74,1705000.0,39.07273946443684,45.26
515,01/02/2022,Vente,230000.0,0,Local industriel. commercial ou assimilé,200.0,0.0,692.0,47.40621,-0.751754,0.85,1265000.0,66.28700465414119,42.85
516,09/02/2022,Vente,200000.0,0,Maison,140.0,5.0,122.0,47.382544,-0.658158,0.79,1100000.0,15.297230039864994,42.85
517,01/02/2022,Vente,170000.0,0,Maison,85.0,4.0,192.0,47.410681,-0.913979,0.85,935000.0,131.01035605903544,117.05
518,14/02/2022,Vente,140000.0,0,Maison,84.0,5.0,735.0,47.40055,-0.759666,0.85,770000.0,49.76651300480935,42.85
519,21/02/2022,Vente,340000.0,0,Maison,106.0,5.0,106.0,47.483332,-0.553203,0.75,1870000.0,43.5085132610409,24.31
520,17/02/2022,Vente,187500.0,0,Maison,91.0,5.0,467.0,47.407767,-0.769066,0.85,1031250.0,36.76212114011233,42.85
521,22/02/2022,Vente,46500.0,0,Maison,17.0,1.0,58.0,47.431181,-0.701885,0.85,255750.0,90.26147255684991,42.85
522,31/01/2022,Vente,645000.0,0,Maison,180.0,7.0,225.0,47.481524,-0.565218,0.82,3547500.0,24.46108261603577,24.31
523,31/01/2022,Vente,480000.0,0,Maison,133.0,5.0,573.0,47.47237,-0.637932,0.81,2640000.0,67.98710930681827,25.12
524,28/01/2022,Vente,169940.0,0,Maison,110.0,3.0,495.0,47.420076,-0.838717,0.76,934670.0,206.1709277257585,117.05
525,12/01/2022,Vente,3650000.0,0,Maison,123.0,6.0,164.0,47.509389,-0.590251,0.71,20075000.0,25.92790622121676,45.26
526,03/02/2022,Vente,190000.0,0,Maison,89.0,4.0,437.0,47.411595,-0.91314,0.82,1045000.0,133.15217931810906,117.05
527,14/02/2022,Vente,379000.0,0,Maison,120.0,5.0,513.0,47.481786,-0.630202,0.76,2084500.0,74.52589308490111,25.12
528,27/01/2022,Vente,369250.0,0,Maison,134.0,6.0,7.0,47.369304,-0.704995,0.72,2030875.0,93.73421326378298,42.85
529,01/02/2022,Vente,1109950.0,0,Maison,260.0,6.0,1340.0,47.383144,-0.657258,0.45,6104725.0,12.88303675173255,42.85
530,01/02/2022,Vente,1109950.0,0,Maison,260.0,6.0,2500.0,47.383144,-0.657258,0.45,6104725.0,12.88303675173255,42.85
531,01/02/2022,Vente,1109950.0,0,Maison,55.0,1.0,2500.0,47.383144,-0.657258,0.45,6104725.0,12.88303675173255,42.85
532,01/02/2022,Vente,1109950.0,0,Maison,260.0,6.0,2500.0,47.383144,-0.657258,0.45,6104725.0,12.88303675173255,42.85
533,01/02/2022,Vente,1109950.0,0,Maison,55.0,1.0,2500.0,47.383144,-0.657258,0.45,6104725.0,12.88303675173255,42.85
534,01/02/2022,Vente,1109950.0,0,Maison,55.0,1.0,1340.0,47.383144,-0.657258,0.45,6104725.0,12.88303675173255,42.85
535,18/02/2022,Vente,415000.0,0,Maison,110.0,5.0,266.0,47.397867,-0.633741,0.82,2282500.0,125.77863983469236,42.85
536,07/02/2022,Vente,470000.0,0,Maison,172.0,6.0,1029.0,47.462271,-0.714167,0.85,2585000.0,76.76996907625325,42.85
537,08/02/2022,Vente,37586.01,0,Maison,80.0,4.0,242.0,47.448467,-0.613471,0.81,206723.055,32.12849850205534,61.12
538,25/02/2022,Vente,125000.0,0,Maison,60.0,4.0,800.0,47.533755,-0.979535,0.64,687500.0,180.37378176915973,28.99
539,24/02/2022,Vente,737000.0,0,Maison,251.0,5.0,5050.0,47.387345,-0.672217,0.41,4053500.0,74.55835043566498,42.85
540,24/02/2022,Vente,737000.0,0,Maison,251.0,5.0,1000.0,47.387345,-0.672217,0.41,4053500.0,74.55835043566498,42.85
541,04/02/2022,Vente,310000.0,0,Maison,124.0,5.0,405.0,47.501328,-0.800656,0.71,1705000.0,18.268301263881014,28.99
542,04/02/2022,Vente,305000.0,0,Maison,110.0,5.0,368.0,47.460257,-0.705696,0.84,1677500.0,71.16144589829938,42.85
543,22/02/2022,Vente,265000.0,0,Maison,72.0,2.0,453.0,47.485776,-0.589053,0.62,1457500.0,27.14352232155817,45.26
544,22/02/2022,Vente,265000.0,0,Maison,54.0,2.0,453.0,47.485776,-0.589053,0.62,1457500.0,27.14352232155817,45.26
545,03/03/2022,Vente,354254.0,0,Maison,93.0,4.0,315.0,47.483122,-0.580283,0.7,1948397.0,23.0839185946922,24.31
546,28/02/2022,Vente,445000.0,0,Maison,155.0,7.0,1000.0,47.45165,-0.599363,0.72,2447500.0,40.52269409878265,61.12
547,23/02/2022,Vente,208868.69,0,Maison,100.0,5.0,248.0,47.480387,-0.637774,0.8,1148777.795,81.65634028025687,25.12
548,25/02/2022,Vente,299000.0,0,Maison,139.0,5.0,1375.0,47.474376,-0.960806,0.5,1644500.0,215.23312994084512,117.05
549,25/02/2022,Vente,299000.0,0,Maison,139.0,5.0,625.0,47.474376,-0.960806,0.5,1644500.0,215.23312994084512,117.05
550,25/02/2022,Vente,299000.0,0,Maison,139.0,5.0,545.0,47.474376,-0.960806,0.5,1644500.0,215.23312994084512,117.05
551,21/02/2022,Vente,710000.0,0,Maison,170.0,8.0,4219.0,47.506812,-0.629746,0.66,3905000.0,122.18459169182157,45.26
552,21/02/2022,Vente,710000.0,0,Maison,170.0,8.0,7080.0,47.506812,-0.629746,0.66,3905000.0,122.18459169182157,45.26
553,23/02/2022,Vente,209000.0,0,Maison,98.0,5.0,180.0,47.479926,-0.575324,0.72,1149500.0,38.72507653017339,24.31
554,01/03/2022,Vente,285500.0,0,Maison,88.0,5.0,2188.0,47.488449,-0.783016,0.69,1570250.0,104.93805449552339,28.99
555,01/03/2022,Vente,285500.0,0,Maison,88.0,5.0,1360.0,47.488449,-0.783016,0.69,1570250.0,104.93805449552339,28.99
556,23/02/2022,Vente,289500.0,0,Maison,98.0,4.0,490.0,47.42923,-0.608307,0.8,1592250.0,45.07027961263698,61.12
557,25/02/2022,Vente,320000.0,0,Maison,151.0,5.0,510.0,47.403794,-0.758052,0.84,1760000.0,42.86510901109142,42.85
558,15/02/2022,Vente,882000.0,0,Local industriel. commercial ou assimilé,181.0,0.0,1352.0,47.481914,-0.577641,0.82,4851000.0,28.98556059676139,24.31
559,11/02/2022,Vente,195283.0,0,Maison,100.0,4.0,294.0,47.50037,-0.801326,0.82,1074056.5,18.540296922489468,28.99
560,07/03/2022,Vente,164000.0,0,Maison,76.0,3.0,906.0,47.463853,-0.700374,0.52,902000.0,87.94665663028877,25.12
561,22/02/2022,Vente,189585.0,0,Maison,81.0,4.0,124.0,47.500248,-0.581112,0.75,1042717.5,34.14136576062756,45.26
562,23/02/2022,Vente,150000.0,0,Maison,68.0,5.0,2000.0,47.368508,-0.703199,0.41,825000.0,90.37849663886105,42.85
563,23/02/2022,Vente,150000.0,0,Maison,68.0,5.0,370.0,47.368508,-0.703199,0.41,825000.0,90.37849663886105,42.85
564,28/02/2022,Vente,180000.0,0,Maison,169.0,6.0,4196.0,47.225609,-0.544915,0.66,990000.0,237.08113660061204,88.97
565,24/02/2022,Vente,330000.0,0,Maison,86.0,4.0,481.0,47.459725,-0.7067,0.81,1815000.0,70.14298535280832,42.85
566,22/02/2022,Vente,320000.0,0,Maison,86.0,6.0,378.0,47.50662,-0.60753,0.75,1760000.0,64.9701313641537,45.26
567,22/02/2022,Vente,235000.0,0,Maison,78.0,5.0,300.0,47.486309,-0.597363,0.68,1292500.0,51.13987450284695,45.26
568,03/03/2022,Vente,249000.0,0,Maison,122.0,6.0,615.0,47.419835,-0.615356,0.78,1369500.0,69.57989071469473,61.12
569,02/03/2022,Vente,215000.0,0,Maison,56.0,2.0,513.0,47.493754,-0.582415,0.79,1182500.0,40.1757756050426,45.26
570,09/03/2022,Vente,525000.0,0,Maison,112.0,6.0,689.0,47.480162,-0.580689,0.82,2887500.0,30.26452559535263,24.31
571,15/02/2022,Vente,188000.0,0,Maison,105.0,4.0,410.0,47.521908,-0.884388,0.54,1034000.0,21.715344843620535,28.99
572,17/02/2022,Vente,230000.0,0,Maison,113.0,4.0,558.0,47.460456,-0.790338,0.79,1265000.0,59.30195385977444,42.85
573,24/02/2022,Vente,300000.0,0,Maison,95.0,4.0,862.0,47.501149,-0.794693,0.72,1650000.0,40.71470193181905,28.99
574,22/02/2022,Vente,159500.0,0,Maison,90.0,4.0,44.0,47.503706,-0.802748,0.82,877250.0,23.30380655632291,28.99
575,07/01/2022,Vente,187250.0,0,Maison,92.0,4.0,850.0,47.182968,-0.693855,0.76,1029875.0,172.36151643721783,88.97
576,20/01/2022,Vente,47000.0,0,Local industriel. commercial ou assimilé,12.0,0.0,135.0,47.144491,-0.699482,0.66,258500.0,100.00875007858338,88.97
577,20/01/2022,Vente,47000.0,0,Local industriel. commercial ou assimilé,50.0,0.0,135.0,47.144491,-0.699482,0.66,258500.0,100.00875007858338,88.97
578,19/01/2022,Vente,180000.0,0,Maison,177.0,6.0,1018.0,47.261084,-1.044122,0.68,990000.0,16.313411675051462,59.26
579,04/01/2022,Vente,175882.0,0,Maison,160.0,6.0,262.0,47.265598,-1.02222,0.58,967351.0,49.38925959392349,59.26
580,04/01/2022,Vente,108390.0,0,Maison,76.0,4.0,225.0,47.267178,-1.029624,0.76,596145.0,56.47317707194546,59.26
581,14/01/2022,Vente,185000.0,0,Maison,89.0,4.0,792.0,47.272291,-1.069309,0.63,1017500.0,126.67004124763618,59.26
582,05/01/2022,Vente,252000.0,0,Maison,110.0,5.0,2000.0,47.288354,-0.726502,0.58,1386000.0,287.84601948064847,88.97
583,07/01/2022,Vente,168000.0,0,Maison,135.0,4.0,197.0,47.21149,-0.721697,0.74,924000.0,32.959600802251344,88.97
584,03/01/2022,Vente,172500.0,0,Maison,98.0,4.0,702.0,47.2768,-1.03127,0.65,948750.0,64.80311089955869,59.26
585,24/01/2022,Vente,189000.0,0,Maison,109.0,4.0,1262.0,47.186964,-1.034174,0.68,1039500.0,131.78365522626234,59.26
586,24/01/2022,Vente,189000.0,0,Maison,109.0,4.0,738.0,47.186964,-1.034174,0.68,1039500.0,131.78365522626234,59.26
587,28/01/2022,Vente,275000.0,0,Maison,88.0,4.0,964.0,47.188083,-0.698233,0.84,1512500.0,152.3426327350133,88.97
588,11/01/2022,Vente,100000.0,0,Maison,45.0,2.0,667.0,47.29974,-1.117415,0.76,550000.0,191.52962552317567,59.26
589,03/02/2022,Vente,56000.0,0,Maison,80.0,3.0,350.0,47.254453,-0.986049,0.6,308000.0,162.61303440837182,59.26
590,26/01/2022,Vente,130000.0,0,Maison,70.0,4.0,561.0,47.273486,-1.025445,0.65,715000.0,45.276011596084636,59.26
591,24/01/2022,Vente,82500.0,0,Maison,114.0,6.0,236.0,47.290347,-1.044559,0.62,453750.0,141.15545895718793,59.26
592,27/01/2022,Vente,135000.0,0,Maison,70.0,4.0,188.0,47.287347,-0.983878,0.73,742500.0,158.13719342715044,59.26
593,12/01/2022,Vente,132689.5,0,Maison,78.0,3.0,422.0,47.264279,-1.047479,0.66,729792.25,26.151829578852766,59.26
594,04/02/2022,Vente,340000.0,0,Maison,25.0,1.0,104.0,47.202328,-0.730507,0.67,1870000.0,26.504118897261957,88.97
595,04/02/2022,Vente,340000.0,0,Maison,82.0,4.0,104.0,47.202328,-0.730507,0.67,1870000.0,26.504118897261957,88.97
596,04/02/2022,Vente,340000.0,0,Maison,163.0,5.0,874.0,47.202328,-0.730507,0.67,1870000.0,26.504118897261957,88.97
597,28/01/2022,Vente,165000.0,0,Maison,160.0,6.0,266.0,47.23198,-1.115108,0.59,907500.0,183.12306391001897,59.26
598,26/01/2022,Vente,261000.0,0,Maison,117.0,4.0,743.0,47.2684,-1.058587,0.82,1435500.0,69.82925709461787,59.26
599,26/01/2022,Vente,261000.0,0,Maison,117.0,4.0,500.0,47.2684,-1.058587,0.82,1435500.0,69.82925709461787,59.26
600,27/01/2022,Vente,67000.0,0,Maison,55.0,2.0,32.0,47.263338,-1.044364,0.85,368500.0,20.342342174189003,59.26
601,25/01/2022,Vente,83500.0,0,Maison,116.0,5.0,100.0,47.231345,-1.115531,0.78,459250.0,182.27389715257067,59.26
602,11/02/2022,Vente,80000.0,0,Local industriel. commercial ou assimilé,212.0,0.0,109.0,47.209852,-0.728426,0.7,440000.0,15.427751474778859,88.97
603,19/02/2022,Vente,200000.0,0,Maison,114.0,6.0,406.0,47.26993,-1.018918,0.63,1100000.0,42.060654765145806,59.26
604,19/02/2022,Vente,200000.0,0,Maison,114.0,6.0,784.0,47.26993,-1.018918,0.63,1100000.0,42.060654765145806,59.26
605,09/02/2022,Vente,160000.0,0,Maison,55.0,3.0,150.0,47.259505,-1.043035,0.58,880000.0,21.322339827018034,59.26
606,09/02/2022,Vente,160000.0,0,Maison,55.0,3.0,126.0,47.259505,-1.043035,0.58,880000.0,21.322339827018034,59.26
607,28/01/2022,Vente,200000.0,0,Maison,71.0,3.0,608.0,47.201668,-0.728762,0.75,1100000.0,28.753012908001647,88.97
608,31/01/2022,Vente,144000.0,0,Maison,82.0,4.0,800.0,47.146736,-0.698946,0.76,792000.0,104.16499239445697,88.97
609,03/02/2022,Vente,190000.0,0,Maison,187.0,7.0,208.0,47.261026,-1.045217,0.62,1045000.0,14.845966918228854,59.26
610,17/02/2022,Vente,205000.0,0,Maison,111.0,4.0,1224.0,47.223542,-1.042464,0.76,1127500.0,97.84734987163587,59.26
611,17/02/2022,Vente,205000.0,0,Maison,111.0,4.0,500.0,47.223542,-1.042464,0.76,1127500.0,97.84734987163587,59.26
612,28/01/2022,Vente,115000.0,0,Maison,57.0,4.0,570.0,47.212039,-0.726788,0.8,632500.0,21.758325430145945,88.97
613,15/02/2022,Vente,90000.0,0,Maison,82.0,4.0,1491.0,47.225909,-1.139832,0.52,495000.0,125.66106107361912,59.26
614,15/02/2022,Vente,90000.0,0,Maison,82.0,4.0,1300.0,47.225909,-1.139832,0.52,495000.0,125.66106107361912,59.26
615,18/02/2022,Vente,195000.0,0,Maison,81.0,4.0,542.0,47.215677,-0.740761,0.72,1072500.0,76.39757839404615,88.97
616,25/02/2022,Vente,87489.3,0,Maison,104.0,3.0,103.0,47.181591,-0.697555,0.7,481191.1500000001,165.02379439827348,88.97
617,03/02/2022,Vente,93000.0,0,Maison,50.0,3.0,165.0,47.212619,-0.796123,0.7,511500.0,145.8995338541,88.97
618,09/02/2022,Vente,162000.0,0,Maison,94.0,4.0,197.0,47.268711,-1.019976,0.56,891000.0,41.63674384953631,59.26
619,28/02/2022,Vente,103250.0,0,Maison,85.0,4.0,120.0,47.213397,-0.796562,0.64,567875.0,144.54253823479903,88.97
620,18/02/2022,Vente,238000.0,0,Maison,108.0,5.0,731.0,47.222339,-1.03643,0.63,1309000.0,107.0701150681027,59.26
621,08/02/2022,Vente,88340.0,0,Maison,60.0,3.0,240.0,47.262582,-1.046049,0.7,485870.0,16.68263045449251,59.26
622,25/02/2022,Vente,27800.0,0,Maison,106.0,5.0,83.0,47.291491,-0.915464,0.75,152900.0,150.26644755444963,59.26
623,08/02/2022,Vente,185000.0,0,Maison,130.0,5.0,369.0,47.259534,-1.047611,0.7,1017500.0,21.544035296379363,59.26
624,09/02/2022,Vente,67100.0,0,Maison,63.0,3.0,366.0,47.217941,-0.719066,0.71,369050.0,31.147888780603424,88.97
625,09/02/2022,Vente,67100.0,0,Maison,63.0,3.0,366.0,47.217941,-0.719066,0.71,369050.0,31.147888780603424,88.97
626,09/02/2022,Vente,67100.0,0,Maison,63.0,3.0,366.0,47.217941,-0.719066,0.71,369050.0,31.147888780603424,88.97
627,24/02/2022,Vente,108000.0,0,Maison,79.0,6.0,235.0,47.288147,-0.981605,0.73,594000.0,160.92470883230678,59.26
628,24/02/2022,Vente,156000.0,0,Maison,78.0,4.0,591.0,47.169711,-0.753921,0.58,858000.0,184.1769148005493,88.97
629,24/02/2022,Vente,156000.0,0,Maison,78.0,4.0,800.0,47.169711,-0.753921,0.58,858000.0,184.1769148005493,88.97
630,18/02/2022,Vente,115000.0,0,Maison,52.0,2.0,96.0,47.208833,-0.727789,0.79,632500.0,13.967274547563449,88.97
631,18/02/2022,Vente,115000.0,0,Local industriel. commercial ou assimilé,56.0,0.0,96.0,47.208833,-0.727789,0.79,632500.0,13.967274547563449,88.97
632,22/02/2022,Vente,72295.0,0,Maison,90.0,3.0,110.0,47.300305,-1.080406,0.64,397622.5,176.0971150743783,59.26
633,16/02/2022,Vente,150000.0,0,Local industriel. commercial ou assimilé,550.0,0.0,5285.0,47.143216,-0.767914,0.57,825000.0,142.74898579939358,88.97
634,09/02/2022,Vente,55000.0,0,Maison,57.0,1.0,213.0,47.2067,-0.726113,0.71,302500.0,20.55286065608118,88.97
635,17/02/2022,Vente,160000.0,0,Maison,78.0,4.0,416.0,47.213125,-0.802125,0.63,880000.0,137.32452423865877,88.97
636,01/03/2022,Vente,140000.0,0,Maison,60.0,2.0,540.0,47.256138,-0.904476,0.62,770000.0,217.1164006722799,59.26
637,07/01/2022,Vente,261000.0,0,Maison,229.0,8.0,2079.0,47.184416,-0.503756,0.71,1435500.0,136.12103122363644,22.31
638,07/01/2022,Vente,261000.0,0,Maison,57.0,2.0,2079.0,47.184416,-0.503756,0.71,1435500.0,136.12103122363644,22.31
639,05/01/2022,Vente,120000.0,0,Appartement,34.0,2.0,82.0,47.146332,-0.534907,0.84,660000.0,8.888235842397307,22.31
640,05/01/2022,Vente,120000.0,0,Appartement,65.0,3.0,82.0,47.146332,-0.534907,0.84,660000.0,8.888235842397307,22.31
641,11/01/2022,Vente,55000.0,0,Maison,114.0,4.0,162.0,47.208687,-0.439778,0.7,302500.0,109.67585365362437,22.31
642,11/01/2022,Vente,132000.0,0,Local industriel. commercial ou assimilé,223.0,0.0,80.0,47.145192,-0.535579,0.81,726000.0,6.873854557796741,22.31
643,14/01/2022,Vente,125000.0,0,Maison,180.0,10.0,3321.0,47.093498,-0.599274,0.81,687500.0,251.17207746704753,22.31
644,04/01/2022,Vente,110000.0,0,Maison,107.0,4.0,536.0,47.191205,-0.117203,0.74,605000.0,85.39515010499797,120.09
645,18/01/2022,Vente,77000.0,0,Maison,146.0,4.0,140.0,47.127322,-0.236718,0.82,423500.0,88.42437668523671,120.09
646,10/01/2022,Vente,35000.0,0,Maison,72.0,3.0,140.0,47.125011,-0.235609,0.82,192500.0,88.19844081926479,120.09
647,10/01/2022,Vente,35000.0,0,Local industriel. commercial ou assimilé,56.0,0.0,140.0,47.125011,-0.235609,0.82,192500.0,88.19844081926479,120.09
648,14/01/2022,Vente,253000.0,0,Maison,106.0,4.0,797.0,47.174762,-0.545701,0.82,1391500.0,95.77425024240273,22.31
649,12/01/2022,Vente,75000.0,0,Maison,78.0,5.0,506.0,47.192444,-0.118111,0.83,412500.0,86.60355968078899,120.09
650,07/01/2022,Vente,105000.0,0,Maison,92.0,4.0,270.0,47.173099,-0.102583,0.53,577500.0,117.9926367458054,120.09
651,07/01/2022,Vente,105000.0,0,Maison,92.0,4.0,549.0,47.173099,-0.102583,0.53,577500.0,117.9926367458054,120.09
652,26/01/2022,Vente,95000.0,0,Maison,106.0,4.0,1485.0,47.144029,-0.376306,0.69,522500.0,239.04674778854726,22.31
653,26/01/2022,Vente,167500.0,0,Maison,99.0,4.0,566.0,47.160076,-0.547375,0.83,921250.0,56.24256385591508,22.31
654,26/01/2022,Vente,167500.0,0,Maison,99.0,4.0,662.0,47.160076,-0.547375,0.83,921250.0,56.24256385591508,22.31
655,19/01/2022,Vente,70000.0,0,Maison,151.0,4.0,273.0,47.194548,-0.120205,0.83,385000.0,95.13040660359782,120.09
656,24/01/2022,Vente,116600.0,0,Maison,62.0,3.0,755.0,47.139597,-0.208313,0.8,641300.0,118.4494743217086,120.09
657,26/01/2022,Vente,488000.0,0,Maison,200.0,6.0,1261.0,47.112506,-0.20764,0.79,2684000.0,150.51355987734874,120.09
658,14/01/2022,Vente,155000.0,0,Maison,96.0,4.0,633.0,47.114525,-0.062966,0.44,852500.0,328.8697948268197,120.09
659,14/01/2022,Vente,60000.0,0,Maison,60.0,3.0,170.0,47.143058,-0.147667,0.83,330000.0,71.65446628563183,120.09
660,25/01/2022,Vente,180000.0,0,Maison,170.0,5.0,300.0,47.125906,-0.152883,0.71,990000.0,16.070556961271958,120.09
661,25/01/2022,Vente,180000.0,0,Local industriel. commercial ou assimilé,35.0,0.0,300.0,47.125906,-0.152883,0.71,990000.0,16.070556961271958,120.09
662,20/01/2022,Vente,169900.0,0,Maison,98.0,6.0,510.0,47.128762,-0.148245,0.82,934450.0,27.244088652242443,120.09
663,20/01/2022,Vente,342500.0,0,Maison,134.0,4.0,537.0,47.12726,-0.151834,0.83,1883750.0,13.515809149392734,120.09
664,20/01/2022,Vente,342500.0,0,Maison,134.0,4.0,500.0,47.12726,-0.151834,0.83,1883750.0,13.515809149392734,120.09
665,25/01/2022,Vente,230000.0,0,Maison,178.0,5.0,965.0,47.105724,-0.485737,0.65,1265000.0,186.9006920208314,22.31
666,12/01/2022,Vente,144500.0,0,Maison,105.0,4.0,1152.0,47.140065,-0.240052,0.81,794750.0,120.9739137348962,120.09
667,14/01/2022,Vente,205000.0,0,Maison,98.0,4.0,826.0,47.107808,-0.467297,0.84,1127500.0,167.1774124270815,22.31
668,14/01/2022,Vente,205000.0,0,Appartement,59.0,2.0,826.0,47.107808,-0.467297,0.84,1127500.0,167.1774124270815,22.31
669,14/01/2022,Vente,205000.0,0,Appartement,50.0,3.0,826.0,47.107808,-0.467297,0.84,1127500.0,167.1774124270815,22.31
670,14/01/2022,Vente,205000.0,0,Appartement,55.0,4.0,826.0,47.107808,-0.467297,0.84,1127500.0,167.1774124270815,22.31
671,28/01/2022,Vente,23750.0,0,Maison,30.0,1.0,60.0,47.135746,-0.200899,0.49,130625.0,123.52684779943036,120.09
672,28/01/2022,Vente,23750.0,0,Maison,51.0,2.0,64.0,47.135746,-0.200899,0.49,130625.0,123.52684779943036,120.09
673,04/02/2022,Vente,113000.0,0,Maison,119.0,4.0,3118.0,47.125823,-0.531937,0.76,621500.0,34.69785824535892,22.31
674,04/02/2022,Vente,113000.0,0,Maison,40.0,1.0,1700.0,47.125574,-0.532378,0.8,621500.0,36.60713241605503,22.31
675,04/02/2022,Vente,113000.0,0,Maison,40.0,1.0,2420.0,47.125574,-0.532378,0.8,621500.0,36.60713241605503,22.31
676,02/02/2022,Vente,142000.0,0,Maison,26.0,1.0,280.0,47.135361,-0.160321,0.8,781000.0,37.56976220717453,120.09
677,02/02/2022,Vente,142000.0,0,Maison,114.0,4.0,417.0,47.135449,-0.16043,0.8,781000.0,38.07128178464527,120.09
678,28/01/2022,Vente,41500.0,0,Maison,75.0,2.0,363.0,47.17477,-0.545822,0.36,228250.0,95.77711750902175,22.31
679,25/01/2022,Vente,50000.0,0,Maison,74.0,4.0,630.0,47.124357,-0.150094,0.75,275000.0,25.35102667478987,120.09
680,02/02/2022,Vente,201000.0,0,Maison,99.0,4.0,945.0,47.195565,-0.09675,0.72,1105500.0,117.37805617194725,120.09
681,28/01/2022,Vente,177000.0,0,Maison,118.0,5.0,194.0,47.127973,-0.151254,0.7,973500.0,14.586284232786811,120.09
682,28/01/2022,Vente,177000.0,0,Local industriel. commercial ou assimilé,370.0,0.0,522.0,47.127921,-0.151128,0.7,973500.0,14.711622586766648,120.09
683,20/01/2022,Vente,214500.0,0,Maison,144.0,6.0,3101.0,47.182993,-0.504553,0.47,1179750.0,136.34014682342672,22.31
684,31/01/2022,Vente,81000.0,0,Maison,100.0,3.0,284.0,47.123124,-0.234606,0.82,445500.0,92.37497456006206,120.09
685,03/02/2022,Vente,125000.0,0,Maison,82.0,4.0,2000.0,47.086148,-0.547017,0.46,687500.0,224.9859543608436,22.31
686,16/02/2022,Vente,110000.0,0,Maison,74.0,4.0,585.0,47.148316,-0.535286,0.83,605000.0,17.003624565067746,22.31
687,10/02/2022,Vente,168000.0,0,Maison,110.0,3.0,1459.0,47.196183,-0.119873,0.82,924000.0,96.5580771735836,120.09
688,19/01/2022,Vente,450000.0,0,Maison,153.0,4.0,2212.0,47.128121,-0.157419,0.84,2475000.0,18.566224242152163,120.09
689,19/01/2022,Vente,450000.0,0,Maison,52.0,2.0,2212.0,47.128121,-0.157419,0.84,2475000.0,18.566224242152163,120.09
690,19/01/2022,Vente,450000.0,0,Maison,52.0,2.0,2212.0,47.128121,-0.157419,0.84,2475000.0,18.566224242152163,120.09
691,19/01/2022,Vente,450000.0,0,Maison,100.0,4.0,2212.0,47.128121,-0.157419,0.84,2475000.0,18.566224242152163,120.09
692,11/02/2022,Vente,207500.0,0,Maison,172.0,7.0,1299.0,47.161144,-0.545439,0.81,1141250.0,52.84011791070888,22.31
693,11/02/2022,Vente,207500.0,0,Maison,172.0,7.0,813.0,47.161144,-0.545439,0.81,1141250.0,52.84011791070888,22.31
694,11/02/2022,Vente,207500.0,0,Maison,172.0,7.0,1076.0,47.161144,-0.545439,0.81,1141250.0,52.84011791070888,22.31
695,23/02/2022,Vente,130000.0,0,Maison,78.0,3.0,2016.0,47.169997,-0.566882,0.82,715000.0,148.55249089478775,22.31
696,22/02/2022,Vente,25000.0,0,Maison,87.0,3.0,160.0,47.18327,-0.5036,0.44,137500.0,135.5655275035476,22.31
697,16/02/2022,Vente,70000.0,0,Maison,58.0,2.0,1383.0,47.100839,-0.350298,0.65,385000.0,280.48564661078234,22.31
698,17/02/2022,Vente,24250.0,0,Maison,61.0,3.0,377.0,47.099891,-0.094497,0.82,133375.0,297.70338920051233,120.09
699,01/03/2022,Vente,1.0,0,Maison,63.0,3.0,4.0,47.204969,-0.429505,0.72,5.5,103.66290063571019,22.31
700,10/02/2022,Vente,100000.0,0,Maison,82.0,3.0,968.0,47.111166,-0.22086,0.82,550000.0,135.26276260609978,120.09
701,10/02/2022,Vente,99600.0,0,Maison,95.0,4.0,320.0,47.078869,-0.544835,0.82,547800.0,247.65291259155748,22.31
702,16/02/2022,Vente,72342.0,0,Maison,60.0,2.0,210.0,47.155298,-0.638262,0.59,397881.0,191.40993244781754,88.97
703,06/01/2022,Vente,295000.0,0,Maison,141.0,6.0,570.0,47.580924,-0.358452,0.82,1622500.0,46.437157830486626,103.91
704,05/01/2022,Vente,132000.0,0,Maison,73.0,4.0,101.0,47.363491,-0.036291,0.78,726000.0,129.14618808543227,204.33
705,14/01/2022,Vente,165000.0,0,Maison,95.0,5.0,469.0,47.374762,-0.101914,0.72,907500.0,29.785073920074023,204.33
706,14/01/2022,Vente,110000.0,0,Local industriel. commercial ou assimilé,80.0,0.0,520.0,47.373956,-0.10822,0.82,605000.0,19.625921772361902,204.33
707,17/01/2022,Vente,120000.0,0,Maison,69.0,3.0,603.0,47.377652,-0.116732,0.81,660000.0,37.98159481624649,204.33
708,14/01/2022,Vente,40000.0,0,Maison,60.0,2.0,1556.0,47.364759,-0.043577,0.55,220000.0,126.7823243867311,204.33
709,19/01/2022,Vente,150000.0,0,Maison,77.0,3.0,830.0,47.645959,-0.436095,0.71,825000.0,50.86382129397509,69.03
710,10/01/2022,Vente,225000.0,0,Maison,108.0,6.0,649.0,47.577757,-0.354819,0.83,1237500.0,39.61811631190338,103.91
711,11/01/2022,Vente,155000.0,0,Maison,67.0,3.0,684.0,47.55903,-0.389894,0.77,852500.0,88.57062392906289,103.91
712,12/01/2022,Vente,177000.0,0,Maison,94.0,4.0,1298.0,47.524124,-0.213371,0.77,973500.0,113.11514757008294,103.91
713,28/01/2022,Vente,195000.0,0,Maison,120.0,4.0,180.0,47.572018,-0.354826,0.82,1072500.0,58.58927744634554,103.91
714,07/01/2022,Vente,82500.0,0,Maison,121.0,3.0,1114.0,47.383589,-0.066073,0.79,453750.0,128.58281191418692,204.33
715,26/01/2022,Vente,310000.0,0,Maison,154.0,4.0,500.0,47.373117,-0.106958,0.76,1705000.0,19.996811264231418,204.33
716,26/01/2022,Vente,310000.0,0,Maison,154.0,4.0,574.0,47.373117,-0.106958,0.76,1705000.0,19.996811264231418,204.33
717,11/01/2022,Vente,129300.0,0,Maison,75.0,5.0,312.0,47.375641,-0.106372,0.84,711150.0,17.981063977765466,204.33
718,03/02/2022,Vente,71927.15,0,Maison,98.0,4.0,1347.0,47.550548,-0.238165,0.67,395599.325,56.983260525212614,103.91
719,27/01/2022,Vente,100000.0,0,Maison,115.0,4.0,2070.0,47.537172,-0.223333,0.68,550000.0,108.22146781996834,103.91
720,11/01/2022,Vente,155000.0,0,Appartement,52.0,3.0,40.0,47.648825,-0.441156,0.78,852500.0,47.661111485188655,69.03
721,11/01/2022,Vente,155000.0,0,Maison,28.0,1.0,40.0,47.648825,-0.441156,0.78,852500.0,47.661111485188655,69.03
722,11/01/2022,Vente,155000.0,0,Appartement,51.0,3.0,40.0,47.648825,-0.441156,0.78,852500.0,47.661111485188655,69.03
723,02/02/2022,Vente,116000.0,0,Maison,92.0,3.0,79.0,47.380611,-0.109018,0.81,638000.0,25.97172703330308,204.33
724,18/01/2022,Vente,48200.0,0,Maison,74.0,3.0,314.0,47.579143,-0.360484,0.78,265100.0,50.61243139356004,103.91
725,20/01/2022,Vente,130000.0,0,Maison,68.0,4.0,651.0,47.540556,-0.282597,0.81,715000.0,167.94646920971704,103.91
726,12/01/2022,Vente,55555.0,0,Maison,60.0,3.0,42.0,47.614377,-0.326862,0.83,305552.5,107.0590771215687,103.91
727,19/01/2022,Vente,160000.0,0,Maison,103.0,5.0,589.0,47.374031,-0.118093,0.82,880000.0,49.4622594320015,204.33
728,04/02/2022,Vente,128000.0,0,Maison,115.0,4.0,498.0,47.375684,-0.109602,0.77,704000.0,20.15056983363929,204.33
729,25/01/2022,Vente,17000.0,0,Maison,25.0,0.0,12560.0,47.566119,-0.290816,0.64,93500.0,172.943898364801,103.91
730,04/02/2022,Vente,255000.0,0,Maison,170.0,4.0,4314.0,47.399894,-0.019908,0.6,1402500.0,126.6537985428064,204.33
731,04/02/2022,Vente,255000.0,0,Maison,170.0,4.0,1912.0,47.399894,-0.019908,0.6,1402500.0,126.6537985428064,204.33
732,04/02/2022,Vente,255000.0,0,Maison,170.0,4.0,5254.0,47.399894,-0.019908,0.6,1402500.0,126.6537985428064,204.33
733,01/02/2022,Vente,210000.0,0,Maison,146.0,6.0,1391.0,47.667048,-0.46725,0.71,1155000.0,27.900900806372047,69.03
734,17/02/2022,Vente,14260.0,0,Maison,52.0,3.0,4855.0,47.391637,-0.049812,0.83,78430.0,94.5127268932846,204.33
735,17/02/2022,Vente,14260.0,0,Maison,52.0,3.0,622.0,47.391637,-0.049812,0.83,78430.0,94.5127268932846,204.33
736,15/02/2022,Vente,144000.0,0,Maison,94.0,5.0,443.0,47.379952,-0.110767,0.69,792000.0,23.26445727521957,204.33
737,15/02/2022,Vente,144000.0,0,Local industriel. commercial ou assimilé,49.0,0.0,443.0,47.379952,-0.110767,0.69,792000.0,23.26445727521957,204.33
738,01/02/2022,Vente,210000.0,0,Maison,140.0,4.0,622.0,47.578818,-0.257047,0.72,1155000.0,132.91942992450367,103.91
739,15/02/2022,Vente,222800.0,0,Maison,88.0,4.0,400.0,47.645493,-0.435947,0.7,1225400.0,51.74118504637072,69.03
740,26/01/2022,Vente,285000.0,0,Maison,170.0,6.0,500.0,47.541463,-0.282065,0.81,1567500.0,164.4665775405394,103.91
741,26/01/2022,Vente,285000.0,0,Maison,170.0,6.0,1000.0,47.541463,-0.282065,0.81,1567500.0,164.4665775405394,103.91
742,28/01/2022,Vente,235000.0,0,Maison,220.0,4.0,500.0,47.566651,-0.229637,0.77,1292500.0,63.24156431876263,103.91
743,28/01/2022,Vente,235000.0,0,Maison,220.0,4.0,497.0,47.566651,-0.229637,0.77,1292500.0,63.24156431876263,103.91
744,28/01/2022,Vente,125000.0,0,Maison,112.0,6.0,394.0,47.650159,-0.442723,0.79,687500.0,53.048590860250506,69.03
745,10/02/2022,Vente,180000.0,0,Maison,109.0,5.0,633.0,47.579872,-0.25888,0.84,990000.0,140.50835656330352,103.91
746,21/01/2022,Vente,170000.0,0,Maison,87.0,3.0,781.0,47.525002,-0.211556,0.78,935000.0,111.12814603588981,103.91
747,31/01/2022,Vente,97000.0,0,Maison,86.0,4.0,143.0,47.385165,-0.112369,0.8,533500.0,40.895104176048996,204.33
748,31/01/2022,Vente,72000.0,0,Maison,63.0,3.0,272.0,47.523433,-0.282046,0.75,396000.0,175.1324487655906,103.91
749,03/02/2022,Vente,238000.0,0,Maison,196.0,6.0,1500.0,47.399215,-0.124812,0.67,1309000.0,112.12631902917082,204.33
750,03/02/2022,Vente,238000.0,0,Maison,196.0,6.0,1000.0,47.399215,-0.124812,0.67,1309000.0,112.12631902917082,204.33
751,04/02/2022,Vente,223500.0,0,Maison,103.0,5.0,475.0,47.611679,-0.324312,0.81,1229250.0,108.8585410893521,103.91
752,25/02/2022,Vente,250000.0,0,Maison,95.0,3.0,706.0,47.556704,-0.231297,0.82,1375000.0,31.083250160716126,103.91
753,25/02/2022,Vente,250000.0,0,Maison,95.0,3.0,700.0,47.556704,-0.231297,0.82,1375000.0,31.083250160716126,103.91
754,04/02/2022,Vente,237000.0,0,Maison,99.0,4.0,720.0,47.405896,-0.156261,0.73,1303500.0,165.2240360779791,204.33
755,04/02/2022,Vente,237000.0,0,Maison,99.0,4.0,1204.0,47.405896,-0.156261,0.73,1303500.0,165.2240360779791,204.33
756,04/02/2022,Vente,237000.0,0,Maison,99.0,4.0,200.0,47.405896,-0.156261,0.73,1303500.0,165.2240360779791,204.33
757,23/02/2022,Vente,150000.0,0,Maison,80.0,3.0,1384.0,47.556105,-0.378469,0.54,825000.0,91.9217464594361,103.91
758,23/02/2022,Vente,150000.0,0,Maison,80.0,3.0,1002.0,47.556105,-0.378469,0.54,825000.0,91.9217464594361,103.91
759,18/02/2022,Vente,130000.0,0,Maison,95.0,3.0,320.0,47.392248,-0.047628,0.56,715000.0,90.83842290979806,204.33
760,25/02/2022,Vente,135000.0,0,Maison,36.0,3.0,500.0,47.612768,-0.32454,0.54,742500.0,107.38043544159117,103.91
761,25/02/2022,Vente,135000.0,0,Maison,36.0,3.0,6043.0,47.612768,-0.32454,0.54,742500.0,107.38043544159117,103.91
762,06/01/2022,Vente,241300.0,0,Maison,123.0,7.0,500.0,47.727995,-0.516594,0.78,1327150.0,177.0906090637476,69.03
763,06/01/2022,Vente,241300.0,0,Maison,123.0,7.0,929.0,47.727995,-0.516594,0.78,1327150.0,177.0906090637476,69.03
764,10/01/2022,Vente,162000.0,0,Maison,87.0,5.0,178.0,47.681347,-0.485884,0.73,891000.0,26.549130792440256,69.03
765,14/01/2022,Vente,199500.0,0,Maison,88.0,4.0,689.0,47.638814,-0.657885,0.83,1097250.0,93.634812154204,41.84
766,07/01/2022,Vente,130000.0,0,Maison,105.0,3.0,900.0,47.551458,-0.805243,0.46,715000.0,26.767112063331727,28.99
767,07/01/2022,Vente,130000.0,0,Maison,105.0,3.0,929.0,47.551458,-0.805243,0.46,715000.0,26.767112063331727,28.99
768,07/01/2022,Vente,154000.0,0,Maison,77.0,5.0,607.0,47.47697,-0.900675,0.34,847000.0,164.50302386453066,28.99
769,07/01/2022,Vente,105000.0,0,Maison,52.0,3.0,90.0,47.600283,-0.832605,0.82,577500.0,64.56589304703984,41.84
770,05/01/2022,Vente,225000.0,0,Maison,102.0,5.0,316.0,47.627745,-0.725937,0.75,1237500.0,41.65919959208447,41.84
771,10/01/2022,Vente,229000.0,0,Maison,97.0,4.0,697.0,47.509478,-0.975251,0.4,1259500.0,177.4693765584686,28.99
772,10/01/2022,Vente,229000.0,0,Maison,97.0,4.0,800.0,47.509478,-0.975251,0.4,1259500.0,177.4693765584686,28.99
773,07/01/2022,Vente,58071.12,0,Maison,83.0,3.0,295.0,47.597332,-0.831648,0.83,319391.16000000003,72.00397494348769,41.84
774,05/01/2022,Vente,180000.0,0,Maison,74.0,4.0,615.0,47.626586,-0.721502,0.71,990000.0,24.953610883213923,41.84
775,19/01/2022,Vente,85910.0,0,Maison,91.0,3.0,509.0,47.58483,-0.765415,0.71,472505.0,170.27716853169883,41.84
776,14/01/2022,Vente,141000.0,0,Maison,93.0,4.0,99.0,47.628797,-0.71467,0.83,775500.0,6.318173203307111,41.84
777,25/01/2022,Vente,210000.0,0,Maison,96.0,5.0,626.0,47.683067,-0.490824,0.82,1155000.0,26.48687437164656,69.03
778,31/01/2022,Vente,133000.0,0,Maison,77.0,4.0,206.0,47.72871,-0.518245,0.76,731500.0,178.42967402369644,69.03
779,20/01/2022,Vente,120000.0,0,Maison,96.0,4.0,3206.0,47.668053,-0.467853,0.35,660000.0,27.43648183410717,69.03
780,20/01/2022,Vente,120000.0,0,Maison,96.0,4.0,500.0,47.668053,-0.467853,0.35,660000.0,27.43648183410717,69.03
781,31/01/2022,Vente,165000.0,0,Maison,96.0,3.0,789.0,47.700928,-0.451492,0.73,907500.0,202.5475902951526,69.03
782,02/02/2022,Vente,84150.0,0,Maison,89.0,5.0,789.0,47.682646,-0.482535,0.84,462825.0,40.58672531306159,69.03
783,26/01/2022,Vente,210000.0,0,Maison,99.0,5.0,693.0,47.635418,-0.661118,0.82,1155000.0,95.43204099634048,41.84
784,13/01/2022,Vente,160000.0,0,Maison,72.0,4.0,518.0,47.618245,-0.718317,0.84,880000.0,37.206175540542105,41.84
785,06/01/2022,Vente,149000.0,0,Maison,76.0,3.0,601.0,47.551931,-0.81462,0.69,819500.0,46.227378542733454,41.84
786,18/01/2022,Vente,230000.0,0,Maison,87.0,3.0,815.0,47.621855,-0.720082,0.77,1265000.0,26.101004456070193,41.84
787,21/01/2022,Vente,138500.0,0,Maison,88.0,5.0,635.0,47.602266,-0.832607,0.82,761750.0,67.39527734971632,41.84
788,19/01/2022,Vente,152000.0,0,Maison,51.0,3.0,104.0,47.629408,-0.714856,0.81,836000.0,8.670631884912964,41.84
789,19/01/2022,Vente,226000.0,0,Maison,131.0,6.0,675.0,47.636189,-0.663621,0.82,1243000.0,94.35215480644466,41.84
790,26/01/2022,Vente,220000.0,0,Maison,73.0,4.0,488.0,47.624982,-0.722977,0.82,1210000.0,27.610571569795553,41.84
791,21/01/2022,Vente,250000.0,0,Maison,139.0,6.0,729.0,47.665777,-0.659718,0.8,1375000.0,149.19663832674854,41.84
792,21/01/2022,Vente,250000.0,0,Maison,139.0,6.0,1000.0,47.665777,-0.659718,0.8,1375000.0,149.19663832674854,41.84
793,21/01/2022,Vente,218000.0,0,Maison,91.0,4.0,290.0,47.631623,-0.800239,0.81,1199000.0,217.9511487955057,41.84
794,09/02/2022,Vente,225000.0,0,Maison,140.0,5.0,885.0,47.710901,-0.564928,0.84,1237500.0,227.31744023367594,69.03
795,20/01/2022,Vente,116000.0,0,Maison,80.0,3.0,345.0,47.652432,-0.490233,0.72,638000.0,98.01906170656677,69.03
796,03/02/2022,Vente,350000.0,0,Appartement,63.0,2.0,157.0,47.627673,-0.714092,0.81,1925000.0,2.5723105761994325,41.84
797,03/02/2022,Vente,350000.0,0,Appartement,44.0,3.0,157.0,47.627673,-0.714092,0.81,1925000.0,2.5723105761994325,41.84
798,03/02/2022,Vente,350000.0,0,Appartement,38.0,2.0,157.0,47.627673,-0.714092,0.81,1925000.0,2.5723105761994325,41.84
799,03/02/2022,Vente,350000.0,0,Appartement,42.0,3.0,157.0,47.627673,-0.714092,0.81,1925000.0,2.5723105761994325,41.84
800,03/02/2022,Vente,350000.0,0,Appartement,35.0,2.0,157.0,47.627673,-0.714092,0.81,1925000.0,2.5723105761994325,41.84
801,03/02/2022,Vente,350000.0,0,Appartement,55.0,2.0,157.0,47.627673,-0.714092,0.81,1925000.0,2.5723105761994325,41.84
802,10/02/2022,Vente,367000.0,0,Local industriel. commercial ou assimilé,62.0,0.0,1260.0,47.677315,-0.49434,0.63,2018500.0,27.87792367757153,69.03
803,10/02/2022,Vente,367000.0,0,Maison,150.0,6.0,1260.0,47.677315,-0.49434,0.63,2018500.0,27.87792367757153,69.03
804,14/02/2022,Vente,299500.0,0,Maison,72.0,4.0,1070.0,47.657183,-0.49926,0.45,1647250.0,97.20126133982953,69.03
805,17/02/2022,Vente,180000.0,0,Maison,83.0,4.0,467.0,47.600573,-0.840927,0.83,990000.0,91.14730259351644,41.84
806,16/02/2022,Vente,190000.0,0,Maison,81.0,4.0,510.0,47.554651,-0.803584,0.72,1045000.0,31.247795826112267,41.84
807,16/02/2022,Vente,190000.0,0,Maison,81.0,4.0,500.0,47.554651,-0.803584,0.72,1045000.0,31.247795826112267,41.84
808,08/02/2022,Vente,159000.0,0,Appartement,25.0,1.0,91.0,47.627672,-0.715276,0.83,874500.0,5.100312607105217,41.84
809,08/02/2022,Vente,159000.0,0,Local industriel. commercial ou assimilé,40.0,0.0,91.0,47.627672,-0.715276,0.83,874500.0,5.100312607105217,41.84
810,11/02/2022,Vente,22000.0,0,Maison,81.0,3.0,455.0,47.68977,-0.685847,0.63,121000.0,109.31934907224172,41.84
811,02/02/2022,Vente,30800.0,0,Maison,20.0,1.0,516.0,47.64969,-0.696044,0.5,169400.0,153.37293538651357,41.84
812,11/02/2022,Vente,93100.0,0,Maison,40.0,3.0,32.0,47.626967,-0.714393,0.84,512050.0,4.311631017861633,41.84
813,03/02/2022,Vente,221500.0,0,Maison,100.0,4.0,993.0,47.599157,-0.737622,0.63,1218250.0,102.25916785270492,41.84
814,03/02/2022,Vente,221500.0,0,Maison,109.0,4.0,993.0,47.599157,-0.737622,0.63,1218250.0,102.25916785270492,41.84
815,03/02/2022,Vente,221500.0,0,Maison,110.0,4.0,993.0,47.599157,-0.737622,0.63,1218250.0,102.25916785270492,41.84
816,03/02/2022,Vente,221500.0,0,Maison,73.0,3.0,993.0,47.599157,-0.737622,0.63,1218250.0,102.25916785270492,41.84
817,04/02/2022,Vente,218000.0,0,Maison,139.0,4.0,788.0,47.521552,-0.884486,0.36,1199000.0,21.00467630437018,28.99
818,17/02/2022,Vente,203175.0,0,Maison,120.0,6.0,374.0,47.661748,-0.573554,0.84,1117462.5,77.77558027705382,69.03
819,17/02/2022,Vente,203175.0,0,Maison,120.0,6.0,618.0,47.661748,-0.573554,0.84,1117462.5,77.77558027705382,69.03
820,31/01/2022,Vente,350000.0,0,Maison,157.0,8.0,1560.0,47.620117,-0.6111,0.52,1925000.0,234.14562210557222,69.03
821,31/01/2022,Vente,350000.0,0,Maison,157.0,8.0,440.0,47.620117,-0.6111,0.52,1925000.0,234.14562210557222,69.03
822,22/02/2022,Vente,65000.0,0,Maison,90.0,4.0,127.0,47.722922,-0.618901,0.83,357500.0,350.3413691983926,69.03
823,09/02/2022,Vente,90000.0,0,Local industriel. commercial ou assimilé,50.0,0.0,3506.0,47.692154,-0.686939,0.73,495000.0,106.75711840066299,41.84
824,09/02/2022,Vente,90000.0,0,Local industriel. commercial ou assimilé,407.0,0.0,3506.0,47.692154,-0.686939,0.73,495000.0,106.75711840066299,41.84
825,09/02/2022,Vente,90000.0,0,Local industriel. commercial ou assimilé,50.0,0.0,2550.0,47.692154,-0.686939,0.73,495000.0,106.75711840066299,41.84
826,09/02/2022,Vente,90000.0,0,Local industriel. commercial ou assimilé,407.0,0.0,2550.0,47.692154,-0.686939,0.73,495000.0,106.75711840066299,41.84
827,23/02/2022,Vente,260000.0,0,Maison,68.0,2.0,650.0,47.581671,-0.758017,0.82,1430000.0,169.84770147138778,41.84
828,23/02/2022,Vente,229600.0,0,Maison,110.0,4.0,1037.0,47.665946,-0.575376,0.53,1262800.0,79.53326262495023,69.03
829,28/02/2022,Vente,176000.0,0,Maison,82.0,4.0,519.0,47.618144,-0.718406,0.84,968000.0,37.639025179632796,41.84
830,28/02/2022,Vente,373000.0,0,Maison,89.0,3.0,987.0,47.623285,-0.721483,0.74,2051500.0,25.259055628910218,41.84
831,28/02/2022,Vente,274300.0,0,Maison,128.0,6.0,751.0,47.63743,-0.658221,0.84,1508650.0,94.2335826334599,41.84
832,28/02/2022,Vente,235000.0,0,Maison,82.0,4.0,450.0,47.624251,-0.713295,0.84,1292500.0,18.983248199806738,41.84
833,16/02/2022,Vente,170000.0,0,Maison,91.0,5.0,716.0,47.549606,-0.808187,0.61,935000.0,30.087503815541833,41.84
834,16/02/2022,Vente,170000.0,0,Maison,91.0,5.0,263.0,47.549606,-0.808187,0.61,935000.0,30.087503815541833,41.84
835,25/02/2022,Vente,245000.0,0,Maison,117.0,5.0,275.0,47.653664,-0.497565,0.69,1347500.0,102.4727282015136,69.03
836,25/02/2022,Vente,350000.0,0,Maison,141.0,5.0,1434.0,47.652252,-0.495191,0.8,1925000.0,104.17051058258211,69.03
837,10/02/2022,Vente,231500.0,0,Maison,113.0,4.0,840.0,47.599883,-0.830361,0.82,1273250.0,68.66310888042445,41.84
838,11/02/2022,Vente,200000.0,0,Maison,84.0,3.0,500.0,47.640388,-0.661245,0.77,1100000.0,88.65949244489474,41.84
839,11/02/2022,Vente,200000.0,0,Maison,84.0,3.0,1022.0,47.640388,-0.661245,0.77,1100000.0,88.65949244489474,41.84
840,01/03/2022,Vente,108000.0,0,Maison,75.0,3.0,118.0,47.666053,-0.571489,0.83,594000.0,76.58582486847972,69.03
841,15/02/2022,Vente,198000.0,0,Maison,188.0,8.0,517.0,47.668053,-0.467853,0.38,1089000.0,27.43648183410717,69.03
842,02/03/2022,Vente,45000.0,0,Maison,41.0,2.0,142.0,47.682762,-0.485774,0.83,247500.0,28.912322416399494,69.03
843,03/03/2022,Vente,150200.0,0,Maison,68.0,4.0,600.0,47.662348,-0.570239,0.84,826100.0,77.13908850330178,69.03
844,03/03/2022,Vente,150200.0,0,Maison,68.0,4.0,625.0,47.662348,-0.570239,0.84,826100.0,77.13908850330178,69.03
845,14/02/2022,Vente,128000.0,0,Maison,82.0,3.0,93.0,47.600499,-0.833254,0.82,704000.0,65.16500052872104,41.84
